-- phpMyAdmin SQL Dump
-- version 5.2.1
-- https://www.phpmyadmin.net/
--
-- Servidor: localhost
-- Tiempo de generación: 21-07-2025 a las 08:33:15
-- Versión del servidor: 10.4.28-MariaDB
-- Versión de PHP: 8.2.4

SET SQL_MODE = "NO_AUTO_VALUE_ON_ZERO";
START TRANSACTION;
SET time_zone = "+00:00";


/*!40101 SET @OLD_CHARACTER_SET_CLIENT=@@CHARACTER_SET_CLIENT */;
/*!40101 SET @OLD_CHARACTER_SET_RESULTS=@@CHARACTER_SET_RESULTS */;
/*!40101 SET @OLD_COLLATION_CONNECTION=@@COLLATION_CONNECTION */;
/*!40101 SET NAMES utf8mb4 */;

--
-- Base de datos: `bd_ferreteria`
--

-- --------------------------------------------------------

--
-- Estructura de tabla para la tabla `tb_cliente`
--

CREATE TABLE `tb_cliente` (
  `id_Cliente` varchar(10) NOT NULL,
  `nombreCliente` varchar(50) NOT NULL,
  `apellidoCliente` varchar(50) NOT NULL
) ENGINE=InnoDB DEFAULT CHARSET=utf8mb4 COLLATE=utf8mb4_general_ci;

--
-- Volcado de datos para la tabla `tb_cliente`
--

INSERT INTO `tb_cliente` (`id_Cliente`, `nombreCliente`, `apellidoCliente`) VALUES
('70279368', 'Jhon Jairo', 'Corihuaman Vizarres'),
('75964628', 'Edward Smith', 'More Purihuaman');

-- --------------------------------------------------------

--
-- Estructura de tabla para la tabla `tb_detalle_pedido`
--

CREATE TABLE `tb_detalle_pedido` (
  `idPedido` int(11) NOT NULL,
  `idProducto` int(11) NOT NULL,
  `cantidad` int(11) NOT NULL,
  `subtotal` decimal(10,2) NOT NULL
) ENGINE=InnoDB DEFAULT CHARSET=utf8mb4 COLLATE=utf8mb4_general_ci;

--
-- Volcado de datos para la tabla `tb_detalle_pedido`
--

INSERT INTO `tb_detalle_pedido` (`idPedido`, `idProducto`, `cantidad`, `subtotal`) VALUES
(33, 974, 2, 42.00),
(33, 838, 1, 16.00),
(33, 385, 1, 10.00),
(33, 928, 1, 2.20),
(33, 218, 1, 18.00),
(33, 250, 2, 13.00),
(33, 1350, 20, 48.00),
(33, 714, 1, 98.00),
(33, 217, 1, 36.00),
(34, 838, 2, 32.00),
(34, 242, 1, 36.00),
(34, 443, 2, 40.00),
(34, 1088, 1, 9.50),
(34, 1203, 1, 7.50),
(34, 956, 2, 6.00),
(34, 957, 2, 6.00),
(34, 968, 1, 6.00),
(34, 959, 5, 12.50),
(34, 586, 1, 45.00),
(34, 1204, 1, 400.00),
(34, 944, 2, 3.20),
(34, 1142, 1, 10.00),
(34, 268, 1, 15.00),
(34, 480, 1, 9.00),
(34, 1143, 1, 5.00),
(34, 1139, 1, 9.00),
(34, 1348, 1, 4.00),
(34, 1087, 1, 4.00),
(34, 384, 1, 20.00),
(35, 1142, 1, 10.00),
(35, 1349, 1, 4.00),
(35, 964, 1, 7.00),
(35, 215, 1, 16.00),
(36, 1147, 1, 18.00),
(37, 974, 1, 21.00),
(37, 935, 1, 2.00),
(37, 838, 1, 16.00),
(37, 215, 1, 17.00),
(37, 586, 1, 45.00),
(37, 958, 1, 2.50),
(38, 1141, 5, 85.00),
(39, 838, 1, 17.00),
(39, 961, 5, 9.00),
(39, 1141, 2, 34.00),
(39, 794, 1, 6.00),
(39, 218, 1, 18.00),
(39, 717, 1, 12.00),
(39, 1037, 1, 15.00),
(39, 974, 2, 42.00),
(39, 1204, 1, 898.50),
(39, 443, 1, 20.00),
(39, 1256, 4, 10.00),
(39, 265, 1, 7.00),
(39, 449, 1, 12.00),
(39, 750, 2, 20.00),
(39, 1086, 1, 5.00),
(39, 839, 1, 9.00),
(39, 215, 12, 168.00),
(39, 1088, 2, 19.00),
(39, 967, 2, 20.00),
(40, 1353, 1, 8.50),
(40, 969, 1, 3.00),
(40, 420, 1, 8.00),
(40, 1089, 1, 14.00),
(45, 579, 1, 14.00),
(46, 955, 1, 3.00),
(46, 1204, 1, 37.90),
(46, 1179, 1, 55.00),
(46, 566, 1, 6.00),
(46, 973, 1, 2.00),
(46, 1351, 1, 7.50),
(46, 586, 1, 43.00),
(46, 960, 1, 2.50),
(46, 964, 1, 2.00),
(47, 1354, 1, 5.00),
(47, 936, 1, 2.50),
(47, 1147, 1, 18.00),
(47, 965, 1, 6.00),
(47, 887, 1, 12.00),
(47, 1310, 1, 7.00),
(47, 1258, 1, 80.00),
(47, 579, 1, 14.00),
(47, 1037, 1, 15.00),
(47, 1141, 4, 68.00),
(47, 967, 1, 12.00),
(47, 1143, 1, 5.00),
(47, 1350, 2, 5.00),
(47, 640, 1, 6.00),
(47, 929, 1, 2.00),
(47, 792, 1, 3.50),
(47, 382, 1, 65.00),
(48, 1039, 2, 4.00),
(49, 983, 1, 8.00),
(50, 1147, 1, 18.00),
(50, 934, 8, 14.40),
(50, 936, 4, 10.00),
(51, 1143, 1, 5.00),
(51, 748, 1, 7.00),
(51, 959, 1, 2.50),
(52, 1147, 3, 54.00),
(52, 1089, 1, 14.00),
(52, 974, 5, 105.00),
(52, 967, 2, 24.00),
(52, 215, 3, 48.00),
(52, 443, 1, 20.00),
(52, 960, 3, 6.00),
(52, 382, 1, 70.00),
(52, 383, 1, 35.00),
(52, 218, 2, 36.00),
(52, 1018, 1, 9.00),
(52, 792, 2, 8.00),
(52, 1086, 1, 5.00),
(53, 750, 1, 10.00),
(53, 964, 7, 49.00),
(53, 1141, 3, 51.00),
(53, 967, 2, 24.00),
(53, 623, 1, 6.00),
(53, 586, 1, 45.00),
(53, 636, 1, 49.00),
(53, 930, 1, 2.00),
(53, 383, 1, 33.00),
(53, 954, 1, 3.00),
(54, 1355, 1, 17.00),
(54, 938, 1, 2.00),
(54, 969, 1, 3.00),
(54, 990, 1, 3.00),
(54, 1356, 1, 50.00),
(54, 1005, 1, 2.00),
(55, 956, 2, 6.00),
(56, 1204, 1, 484.00),
(56, 242, 1, 36.00),
(56, 268, 1, 15.00),
(56, 443, 4, 80.00),
(56, 936, 5, 12.50),
(56, 201, 1, 60.00),
(56, 1153, 10, 400.00),
(56, 1147, 5, 90.00),
(56, 974, 1, 24.00),
(57, 1204, 1, 692.00),
(58, 1335, 1, 78.00),
(58, 998, 2, 170.00),
(58, 1141, 1, 17.00),
(58, 930, 8, 16.00),
(58, 242, 1, 36.00),
(58, 750, 1, 10.00),
(58, 268, 1, 15.00),
(58, 838, 1, 16.00),
(58, 1352, 1, 16.00),
(58, 586, 1, 45.00),
(58, 201, 1, 60.00),
(58, 1087, 1, 4.00),
(59, 1357, 24, 7.20),
(59, 974, 2, 42.00),
(59, 1119, 1, 3.00),
(60, 1358, 1, 5.00),
(60, 968, 1, 5.00),
(60, 1037, 2, 30.00),
(60, 1086, 3, 15.00),
(60, 841, 2, 8.00),
(60, 936, 2, 5.00),
(60, 1092, 4, 16.00),
(60, 1204, 1, 100.00),
(60, 935, 2, 4.00),
(60, 552, 1, 1.00),
(61, 1204, 1, 100.00),
(62, 719, 1, 6.00),
(62, 579, 2, 27.00),
(62, 1141, 2, 34.00),
(62, 1023, 2, 16.00),
(62, 968, 1, 6.00),
(62, 1352, 1, 16.00),
(62, 964, 1, 5.00),
(62, 384, 1, 20.00),
(62, 1147, 1, 18.00),
(62, 287, 1, 14.00),
(62, 586, 6, 258.00),
(63, 215, 5, 80.00),
(63, 1153, 1, 32.50),
(63, 1096, 2, 58.00),
(63, 1025, 1, 46.00),
(63, 969, 1, 3.00),
(63, 959, 5, 12.50),
(63, 956, 2, 6.00),
(63, 931, 2, 4.00),
(63, 957, 1, 3.00),
(63, 382, 1, 65.00),
(63, 1255, 1, 2.00),
(63, 1023, 1, 8.00),
(63, 675, 1, 6.00),
(63, 775, 1, 4.00),
(64, 215, 1, 15.00),
(65, 1204, 1, 7.50),
(66, 1350, 3, 713.40),
(66, 586, 2, 90.00),
(66, 265, 1, 7.00),
(66, 1141, 1, 100.00),
(67, 1204, 1, 147.50),
(68, 969, 1, 1.50),
(68, 1144, 1, 3.50),
(68, 974, 5, 105.00),
(68, 841, 1, 4.00),
(68, 1236, 1, 9.00),
(68, 1335, 1, 78.00),
(68, 795, 3, 24.00),
(68, 1306, 1, 30.00),
(68, 973, 1, 2.00),
(68, 1147, 1, 18.00),
(68, 893, 1, 10.00),
(68, 586, 3, 135.00),
(68, 954, 10, 30.00),
(68, 940, 5, 10.00),
(68, 393, 1, 43.00),
(68, 521, 1, 10.00),
(68, 957, 4, 12.00),
(68, 1023, 1, 8.00),
(68, 792, 1, 3.50),
(69, 285, 1, 14.00),
(69, 928, 1, 2.50),
(70, 1084, 1, 8.00),
(70, 1139, 2, 18.00),
(70, 940, 5, 10.00),
(70, 1147, 1, 18.00),
(70, 930, 4, 8.00),
(70, 1350, 24, 55.20),
(70, 920, 1, 74.00),
(70, 1358, 1, 5.00),
(70, 936, 1, 2.50),
(70, 907, 1, 37.50),
(71, 393, 1, 43.00),
(71, 215, 1, 16.00),
(71, 969, 1, 3.00),
(71, 1141, 3, 51.00),
(71, 904, 2, 88.00),
(71, 271, 1, 35.00),
(71, 218, 3, 54.00),
(71, 552, 6, 6.00),
(71, 1143, 1, 5.00),
(71, 838, 1, 16.00),
(71, 1325, 2, 7.00),
(71, 1015, 1, 13.00),
(71, 268, 1, 15.00),
(71, 964, 6, 42.00),
(71, 1204, 1, 100.00),
(71, 1147, 1, 18.00),
(71, 1154, 1, 21.00),
(71, 1167, 1, 5.00),
(71, 956, 5, 15.00),
(71, 967, 1, 12.00),
(71, 968, 1, 6.00),
(72, 907, 6, 222.00),
(72, 1350, 2, 5.00),
(72, 965, 5, 30.00),
(73, 973, 2, 4.00),
(73, 1014, 1, 5.00),
(73, 1013, 1, 8.00),
(73, 1353, 1, 7.50),
(74, 963, 1, 33.00),
(74, 217, 1, 36.00),
(74, 1141, 2, 34.00),
(74, 1147, 1, 18.00),
(74, 838, 1, 16.00),
(74, 957, 4, 12.00),
(74, 964, 1, 7.00),
(74, 1320, 1, 40.00),
(74, 272, 1, 8.00),
(74, 969, 1, 3.00),
(74, 242, 1, 36.00),
(74, 892, 1, 19.00),
(74, 827, 1, 16.00),
(74, 607, 1, 20.00),
(74, 959, 2, 5.00),
(75, 1141, 1, 17.00),
(75, 215, 1, 16.00),
(75, 235, 1, 8.00),
(75, 265, 4, 28.00),
(75, 887, 1, 11.00),
(75, 1088, 2, 19.00),
(75, 906, 1, 28.50),
(75, 586, 1, 45.00),
(75, 930, 2, 4.00),
(75, 827, 1, 16.00),
(75, 607, 1, 20.00),
(75, 968, 1, 5.00),
(76, 1360, 1, 8.00),
(76, 1143, 1, 6.00),
(76, 521, 1, 10.00),
(76, 957, 1, 3.00),
(76, 1092, 2, 8.00),
(76, 956, 1, 2.50),
(76, 1331, 1, 7.00),
(76, 1348, 1, 3.00),
(76, 935, 1, 2.00),
(76, 954, 1, 3.00),
(76, 958, 1, 2.50),
(76, 1150, 1, 5.00),
(76, 1354, 1, 7.00),
(76, 1054, 1, 5.00),
(76, 552, 1, 1.50),
(76, 1203, 2, 15.00),
(76, 235, 1, 8.00),
(76, 940, 2, 3.00),
(76, 1086, 1, 5.00),
(76, 967, 1, 12.00),
(76, 964, 2, 14.00),
(77, 1361, 10, 6.00),
(77, 1141, 2, 34.00),
(78, 625, 1, 220.00),
(79, 1362, 2, 10.00),
(79, 215, 2, 32.00),
(79, 907, 2, 74.00),
(79, 906, 3, 84.00),
(79, 1015, 1, 12.00),
(79, 1350, 20, 48.00),
(79, 964, 1, 7.00),
(79, 1143, 1, 6.00),
(79, 420, 2, 16.00),
(79, 416, 1, 18.00),
(79, 1037, 2, 30.00),
(79, 586, 1, 45.00),
(79, 1185, 1, 42.00),
(79, 326, 1, 7.00),
(79, 605, 1, 70.00),
(79, 1141, 1, 17.00),
(79, 1184, 4, 324.00),
(79, 974, 1, 24.00),
(79, 218, 2, 36.00),
(79, 838, 1, 16.00),
(79, 1204, 1, 144.50),
(80, 1087, 1, 4.00),
(80, 964, 11, 77.00),
(80, 934, 4, 8.00),
(80, 1276, 2, 30.00),
(80, 1141, 3, 51.00),
(80, 1204, 1, 10.00),
(80, 793, 1, 4.50),
(80, 1309, 1, 3.00),
(80, 569, 1, 26.00),
(80, 606, 1, 35.00),
(80, 978, 3, 3.00),
(80, 957, 2, 6.00),
(80, 965, 1, 6.00),
(80, 586, 2, 90.00),
(80, 443, 1, 20.00),
(80, 1349, 1, 3.50),
(80, 883, 1, 5.00),
(81, 1141, 15, 247.50),
(82, 218, 1, 18.00),
(82, 1086, 1, 5.00),
(82, 605, 1, 70.00),
(82, 617, 1, 6.00),
(82, 1204, 1, 100.00),
(82, 974, 5, 105.00),
(82, 710, 1, 20.00),
(83, 1326, 1, 3.50),
(83, 1350, 2, 5.00),
(83, 1086, 1, 5.00),
(83, 902, 1, 14.00),
(83, 586, 1, 45.00),
(83, 1141, 3, 51.00),
(83, 1082, 1, 6.00),
(83, 1081, 1, 13.00),
(84, 1204, 1, 396.00),
(85, 906, 1, 28.00),
(85, 215, 6, 87.00),
(85, 958, 1, 2.50),
(85, 780, 1, 6.00),
(85, 839, 1, 9.00),
(85, 783, 1, 20.00),
(85, 974, 3, 66.00),
(85, 672, 1, 38.00),
(85, 217, 1, 36.00),
(85, 934, 1, 2.00),
(85, 218, 2, 36.00),
(85, 838, 2, 32.00),
(85, 1023, 1, 8.00),
(85, 521, 1, 10.00),
(85, 480, 1, 8.00),
(85, 1142, 1, 9.00),
(85, 443, 1, 20.00),
(85, 674, 1, 9.00),
(85, 759, 1, 7.00),
(85, 645, 1, 6.00),
(86, 967, 3, 36.00),
(86, 1079, 5, 5.00),
(86, 974, 2, 46.00),
(86, 838, 2, 32.00),
(86, 1352, 1, 17.00),
(86, 1353, 1, 8.50),
(86, 1141, 1, 17.00),
(86, 929, 4, 8.80),
(86, 1351, 2, 10.00),
(86, 1309, 1, 4.00),
(86, 1159, 1, 10.00),
(86, 1350, 4, 10.00),
(86, 969, 1, 1.00),
(86, 586, 2, 90.00),
(86, 958, 6, 15.00),
(87, 1172, 1, 17.00),
(87, 1173, 1, 8.00),
(87, 1233, 1, 10.00),
(87, 1219, 3, 10.50),
(87, 968, 1, 6.00),
(87, 1141, 2, 34.00),
(87, 1204, 1, 14.50),
(87, 1072, 2, 3.00),
(87, 1089, 1, 14.00),
(87, 964, 1, 1.00),
(87, 302, 1, 78.00),
(87, 521, 1, 10.00),
(88, 828, 1, 9.00),
(88, 1143, 1, 6.00),
(88, 959, 2, 5.00),
(88, 932, 3, 6.00),
(88, 934, 3, 6.00),
(88, 671, 1, 60.00),
(88, 578, 1, 12.00),
(88, 1088, 1, 9.50),
(88, 1203, 1, 7.50),
(88, 586, 2, 90.00),
(88, 443, 4, 80.00),
(89, 854, 4, 176.00),
(89, 684, 1, 15.00),
(89, 215, 3, 48.00),
(89, 607, 1, 20.00),
(89, 906, 1, 28.50),
(89, 1014, 1, 6.00),
(89, 1259, 1, 12.00),
(90, 443, 5, 100.00),
(90, 285, 1, 10.00),
(90, 487, 1, 4.00),
(90, 1090, 3, 10.50),
(90, 906, 5, 142.50),
(90, 969, 1, 3.00),
(90, 965, 1, 7.00),
(90, 242, 1, 36.00),
(90, 932, 6, 12.00),
(90, 958, 8, 16.00),
(90, 957, 8, 24.00),
(90, 974, 2, 42.00),
(90, 838, 1, 16.00),
(90, 964, 1, 7.00),
(90, 1143, 1, 6.00),
(90, 539, 1, 24.00),
(90, 716, 1, 24.00),
(90, 586, 1, 45.00),
(90, 1350, 38, 95.00),
(90, 1015, 1, 13.00),
(90, 1204, 1, 32.00),
(91, 881, 1, 9.00),
(91, 1141, 3, 51.00),
(91, 903, 2, 15.00),
(91, 1350, 4, 10.00),
(91, 215, 1, 15.00),
(91, 1354, 1, 5.00),
(91, 904, 1, 12.00),
(91, 1204, 1, 10.00),
(91, 1014, 1, 6.00),
(92, 904, 10, 110.00),
(92, 958, 2, 5.00),
(92, 1350, 4, 10.00),
(92, 1167, 2, 10.00),
(92, 579, 1, 14.00),
(92, 1143, 1, 5.00),
(92, 839, 1, 9.00),
(93, 716, 1, 24.00),
(93, 242, 1, 36.00),
(93, 443, 1, 20.00),
(94, 1367, 1, 18.00),
(94, 1037, 1, 15.00),
(94, 964, 8, 56.00),
(94, 1141, 5, 85.00),
(94, 552, 3, 3.00),
(94, 974, 6, 126.00),
(94, 349, 1, 14.00),
(94, 1078, 2, 24.00),
(94, 579, 1, 14.00),
(94, 967, 1, 12.00),
(94, 968, 1, 6.00),
(94, 215, 2, 32.00),
(94, 978, 1, 1.00),
(95, 382, 1, 65.00),
(95, 906, 2, 57.00),
(95, 1350, 10, 25.00),
(95, 1015, 1, 13.00),
(95, 1142, 1, 10.00),
(95, 385, 1, 12.00),
(95, 330, 1, 18.00),
(95, 901, 1, 9.50),
(95, 936, 1, 2.00),
(95, 1361, 5, 45.00),
(96, 956, 2, 6.00),
(96, 957, 2, 6.00),
(96, 958, 5, 12.50),
(96, 959, 5, 12.50),
(96, 960, 2, 5.00),
(96, 961, 5, 12.50),
(96, 932, 5, 10.00),
(96, 934, 3, 6.00),
(96, 201, 1, 60.00),
(96, 973, 1, 2.00),
(96, 586, 1, 45.00),
(96, 443, 3, 60.00),
(96, 946, 5, 7.50),
(96, 838, 2, 32.00),
(96, 1350, 2, 496.40),
(96, 1204, 1, 787.00),
(33, 974, 2, 42.00),
(33, 838, 1, 16.00),
(33, 385, 1, 10.00),
(33, 928, 1, 2.20),
(33, 218, 1, 18.00),
(33, 250, 2, 13.00),
(33, 1350, 20, 48.00),
(33, 714, 1, 98.00),
(33, 217, 1, 36.00),
(34, 838, 2, 32.00),
(34, 242, 1, 36.00),
(34, 443, 2, 40.00),
(34, 1088, 1, 9.50),
(34, 1203, 1, 7.50),
(34, 956, 2, 6.00),
(34, 957, 2, 6.00),
(34, 968, 1, 6.00),
(34, 959, 5, 12.50),
(34, 586, 1, 45.00),
(34, 1204, 1, 400.00),
(34, 944, 2, 3.20),
(34, 1142, 1, 10.00),
(34, 268, 1, 15.00),
(34, 480, 1, 9.00),
(34, 1143, 1, 5.00),
(34, 1139, 1, 9.00),
(34, 1348, 1, 4.00),
(34, 1087, 1, 4.00),
(34, 384, 1, 20.00),
(35, 1142, 1, 10.00),
(35, 1349, 1, 4.00),
(35, 964, 1, 7.00),
(35, 215, 1, 16.00),
(36, 1147, 1, 18.00),
(37, 974, 1, 21.00),
(37, 935, 1, 2.00),
(37, 838, 1, 16.00),
(37, 215, 1, 17.00),
(37, 586, 1, 45.00),
(37, 958, 1, 2.50),
(38, 1141, 5, 85.00),
(39, 838, 1, 17.00),
(39, 961, 5, 9.00),
(39, 1141, 2, 34.00),
(39, 794, 1, 6.00),
(39, 218, 1, 18.00),
(39, 717, 1, 12.00),
(39, 1037, 1, 15.00),
(39, 974, 2, 42.00),
(39, 1204, 1, 898.50),
(39, 443, 1, 20.00),
(39, 1256, 4, 10.00),
(39, 265, 1, 7.00),
(39, 449, 1, 12.00),
(39, 750, 2, 20.00),
(39, 1086, 1, 5.00),
(39, 839, 1, 9.00),
(39, 215, 12, 168.00),
(39, 1088, 2, 19.00),
(39, 967, 2, 20.00),
(40, 1353, 1, 8.50),
(40, 969, 1, 3.00),
(40, 420, 1, 8.00),
(40, 1089, 1, 14.00),
(45, 579, 1, 14.00),
(46, 955, 1, 3.00),
(46, 1204, 1, 37.90),
(46, 1179, 1, 55.00),
(46, 566, 1, 6.00),
(46, 973, 1, 2.00),
(46, 1351, 1, 7.50),
(46, 586, 1, 43.00),
(46, 960, 1, 2.50),
(46, 964, 1, 2.00),
(47, 1354, 1, 5.00),
(47, 936, 1, 2.50),
(47, 1147, 1, 18.00),
(47, 965, 1, 6.00),
(47, 887, 1, 12.00),
(47, 1310, 1, 7.00),
(47, 1258, 1, 80.00),
(47, 579, 1, 14.00),
(47, 1037, 1, 15.00),
(47, 1141, 4, 68.00),
(47, 967, 1, 12.00),
(47, 1143, 1, 5.00),
(47, 1350, 2, 5.00),
(47, 640, 1, 6.00),
(47, 929, 1, 2.00),
(47, 792, 1, 3.50),
(47, 382, 1, 65.00),
(48, 1039, 2, 4.00),
(49, 983, 1, 8.00),
(50, 1147, 1, 18.00),
(50, 934, 8, 14.40),
(50, 936, 4, 10.00),
(51, 1143, 1, 5.00),
(51, 748, 1, 7.00),
(51, 959, 1, 2.50),
(52, 1147, 3, 54.00),
(52, 1089, 1, 14.00),
(52, 974, 5, 105.00),
(52, 967, 2, 24.00),
(52, 215, 3, 48.00),
(52, 443, 1, 20.00),
(52, 960, 3, 6.00),
(52, 382, 1, 70.00),
(52, 383, 1, 35.00),
(52, 218, 2, 36.00),
(52, 1018, 1, 9.00),
(52, 792, 2, 8.00),
(52, 1086, 1, 5.00),
(53, 750, 1, 10.00),
(53, 964, 7, 49.00),
(53, 1141, 3, 51.00),
(53, 967, 2, 24.00),
(53, 623, 1, 6.00),
(53, 586, 1, 45.00),
(53, 636, 1, 49.00),
(53, 930, 1, 2.00),
(53, 383, 1, 33.00),
(53, 954, 1, 3.00),
(54, 1355, 1, 17.00),
(54, 938, 1, 2.00),
(54, 969, 1, 3.00),
(54, 990, 1, 3.00),
(54, 1356, 1, 50.00),
(54, 1005, 1, 2.00),
(55, 956, 2, 6.00),
(56, 1204, 1, 484.00),
(56, 242, 1, 36.00),
(56, 268, 1, 15.00),
(56, 443, 4, 80.00),
(56, 936, 5, 12.50),
(56, 201, 1, 60.00),
(56, 1153, 10, 400.00),
(56, 1147, 5, 90.00),
(56, 974, 1, 24.00),
(57, 1204, 1, 692.00),
(58, 1335, 1, 78.00),
(58, 998, 2, 170.00),
(58, 1141, 1, 17.00),
(58, 930, 8, 16.00),
(58, 242, 1, 36.00),
(58, 750, 1, 10.00),
(58, 268, 1, 15.00),
(58, 838, 1, 16.00),
(58, 1352, 1, 16.00),
(58, 586, 1, 45.00),
(58, 201, 1, 60.00),
(58, 1087, 1, 4.00),
(59, 1357, 24, 7.20),
(59, 974, 2, 42.00),
(59, 1119, 1, 3.00),
(60, 1358, 1, 5.00),
(60, 968, 1, 5.00),
(60, 1037, 2, 30.00),
(60, 1086, 3, 15.00),
(60, 841, 2, 8.00),
(60, 936, 2, 5.00),
(60, 1092, 4, 16.00),
(60, 1204, 1, 100.00),
(60, 935, 2, 4.00),
(60, 552, 1, 1.00),
(61, 1204, 1, 100.00),
(62, 719, 1, 6.00),
(62, 579, 2, 27.00),
(62, 1141, 2, 34.00),
(62, 1023, 2, 16.00),
(62, 968, 1, 6.00),
(62, 1352, 1, 16.00),
(62, 964, 1, 5.00),
(62, 384, 1, 20.00),
(62, 1147, 1, 18.00),
(62, 287, 1, 14.00),
(62, 586, 6, 258.00),
(63, 215, 5, 80.00),
(63, 1153, 1, 32.50),
(63, 1096, 2, 58.00),
(63, 1025, 1, 46.00),
(63, 969, 1, 3.00),
(63, 959, 5, 12.50),
(63, 956, 2, 6.00),
(63, 931, 2, 4.00),
(63, 957, 1, 3.00),
(63, 382, 1, 65.00),
(63, 1255, 1, 2.00),
(63, 1023, 1, 8.00),
(63, 675, 1, 6.00),
(63, 775, 1, 4.00),
(64, 215, 1, 15.00),
(65, 1204, 1, 7.50),
(66, 1350, 3, 713.40),
(66, 586, 2, 90.00),
(66, 265, 1, 7.00),
(66, 1141, 1, 100.00),
(67, 1204, 1, 147.50),
(68, 969, 1, 1.50),
(68, 1144, 1, 3.50),
(68, 974, 5, 105.00),
(68, 841, 1, 4.00),
(68, 1236, 1, 9.00),
(68, 1335, 1, 78.00),
(68, 795, 3, 24.00),
(68, 1306, 1, 30.00),
(68, 973, 1, 2.00),
(68, 1147, 1, 18.00),
(68, 893, 1, 10.00),
(68, 586, 3, 135.00),
(68, 954, 10, 30.00),
(68, 940, 5, 10.00),
(68, 393, 1, 43.00),
(68, 521, 1, 10.00),
(68, 957, 4, 12.00),
(68, 1023, 1, 8.00),
(68, 792, 1, 3.50),
(69, 285, 1, 14.00),
(69, 928, 1, 2.50),
(70, 1084, 1, 8.00),
(70, 1139, 2, 18.00),
(70, 940, 5, 10.00),
(70, 1147, 1, 18.00),
(70, 930, 4, 8.00),
(70, 1350, 24, 55.20),
(70, 920, 1, 74.00),
(70, 1358, 1, 5.00),
(70, 936, 1, 2.50),
(70, 907, 1, 37.50),
(71, 393, 1, 43.00),
(71, 215, 1, 16.00),
(71, 969, 1, 3.00),
(71, 1141, 3, 51.00),
(71, 904, 2, 88.00),
(71, 271, 1, 35.00),
(71, 218, 3, 54.00),
(71, 552, 6, 6.00),
(71, 1143, 1, 5.00),
(71, 838, 1, 16.00),
(71, 1325, 2, 7.00),
(71, 1015, 1, 13.00),
(71, 268, 1, 15.00),
(71, 964, 6, 42.00),
(71, 1204, 1, 100.00),
(71, 1147, 1, 18.00),
(71, 1154, 1, 21.00),
(71, 1167, 1, 5.00),
(71, 956, 5, 15.00),
(71, 967, 1, 12.00),
(71, 968, 1, 6.00),
(72, 907, 6, 222.00),
(72, 1350, 2, 5.00),
(72, 965, 5, 30.00),
(73, 973, 2, 4.00),
(73, 1014, 1, 5.00),
(73, 1013, 1, 8.00),
(73, 1353, 1, 7.50),
(74, 963, 1, 33.00),
(74, 217, 1, 36.00),
(74, 1141, 2, 34.00),
(74, 1147, 1, 18.00),
(74, 838, 1, 16.00),
(74, 957, 4, 12.00),
(74, 964, 1, 7.00),
(74, 1320, 1, 40.00),
(74, 272, 1, 8.00),
(74, 969, 1, 3.00),
(74, 242, 1, 36.00),
(74, 892, 1, 19.00),
(74, 827, 1, 16.00),
(74, 607, 1, 20.00),
(74, 959, 2, 5.00),
(75, 1141, 1, 17.00),
(75, 215, 1, 16.00),
(75, 235, 1, 8.00),
(75, 265, 4, 28.00),
(75, 887, 1, 11.00),
(75, 1088, 2, 19.00),
(75, 906, 1, 28.50),
(75, 586, 1, 45.00),
(75, 930, 2, 4.00),
(75, 827, 1, 16.00),
(75, 607, 1, 20.00),
(75, 968, 1, 5.00),
(76, 1360, 1, 8.00),
(76, 1143, 1, 6.00),
(76, 521, 1, 10.00),
(76, 957, 1, 3.00),
(76, 1092, 2, 8.00),
(76, 956, 1, 2.50),
(76, 1331, 1, 7.00),
(76, 1348, 1, 3.00),
(76, 935, 1, 2.00),
(76, 954, 1, 3.00),
(76, 958, 1, 2.50),
(76, 1150, 1, 5.00),
(76, 1354, 1, 7.00),
(76, 1054, 1, 5.00),
(76, 552, 1, 1.50),
(76, 1203, 2, 15.00),
(76, 235, 1, 8.00),
(76, 940, 2, 3.00),
(76, 1086, 1, 5.00),
(76, 967, 1, 12.00),
(76, 964, 2, 14.00),
(77, 1361, 10, 6.00),
(77, 1141, 2, 34.00),
(78, 625, 1, 220.00),
(79, 1362, 2, 10.00),
(79, 215, 2, 32.00),
(79, 907, 2, 74.00),
(79, 906, 3, 84.00),
(79, 1015, 1, 12.00),
(79, 1350, 20, 48.00),
(79, 964, 1, 7.00),
(79, 1143, 1, 6.00),
(79, 420, 2, 16.00),
(79, 416, 1, 18.00),
(79, 1037, 2, 30.00),
(79, 586, 1, 45.00),
(79, 1185, 1, 42.00),
(79, 326, 1, 7.00),
(79, 605, 1, 70.00),
(79, 1141, 1, 17.00),
(79, 1184, 4, 324.00),
(79, 974, 1, 24.00),
(79, 218, 2, 36.00),
(79, 838, 1, 16.00),
(79, 1204, 1, 144.50),
(80, 1087, 1, 4.00),
(80, 964, 11, 77.00),
(80, 934, 4, 8.00),
(80, 1276, 2, 30.00),
(80, 1141, 3, 51.00),
(80, 1204, 1, 10.00),
(80, 793, 1, 4.50),
(80, 1309, 1, 3.00),
(80, 569, 1, 26.00),
(80, 606, 1, 35.00),
(80, 978, 3, 3.00),
(80, 957, 2, 6.00),
(80, 965, 1, 6.00),
(80, 586, 2, 90.00),
(80, 443, 1, 20.00),
(80, 1349, 1, 3.50),
(80, 883, 1, 5.00),
(81, 1141, 15, 247.50),
(82, 218, 1, 18.00),
(82, 1086, 1, 5.00),
(82, 605, 1, 70.00),
(82, 617, 1, 6.00),
(82, 1204, 1, 100.00),
(82, 974, 5, 105.00),
(82, 710, 1, 20.00),
(83, 1326, 1, 3.50),
(83, 1350, 2, 5.00),
(83, 1086, 1, 5.00),
(83, 902, 1, 14.00),
(83, 586, 1, 45.00),
(83, 1141, 3, 51.00),
(83, 1082, 1, 6.00),
(83, 1081, 1, 13.00),
(84, 1204, 1, 396.00),
(85, 906, 1, 28.00),
(85, 215, 6, 87.00),
(85, 958, 1, 2.50),
(85, 780, 1, 6.00),
(85, 839, 1, 9.00),
(85, 783, 1, 20.00),
(85, 974, 3, 66.00),
(85, 672, 1, 38.00),
(85, 217, 1, 36.00),
(85, 934, 1, 2.00),
(85, 218, 2, 36.00),
(85, 838, 2, 32.00),
(85, 1023, 1, 8.00),
(85, 521, 1, 10.00),
(85, 480, 1, 8.00),
(85, 1142, 1, 9.00),
(85, 443, 1, 20.00),
(85, 674, 1, 9.00),
(85, 759, 1, 7.00),
(85, 645, 1, 6.00),
(86, 967, 3, 36.00),
(86, 1079, 5, 5.00),
(86, 974, 2, 46.00),
(86, 838, 2, 32.00),
(86, 1352, 1, 17.00),
(86, 1353, 1, 8.50),
(86, 1141, 1, 17.00),
(86, 929, 4, 8.80),
(86, 1351, 2, 10.00),
(86, 1309, 1, 4.00),
(86, 1159, 1, 10.00),
(86, 1350, 4, 10.00),
(86, 969, 1, 1.00),
(86, 586, 2, 90.00),
(86, 958, 6, 15.00),
(87, 1172, 1, 17.00),
(87, 1173, 1, 8.00),
(87, 1233, 1, 10.00),
(87, 1219, 3, 10.50),
(87, 968, 1, 6.00),
(87, 1141, 2, 34.00),
(87, 1204, 1, 14.50),
(87, 1072, 2, 3.00),
(87, 1089, 1, 14.00),
(87, 964, 1, 1.00),
(87, 302, 1, 78.00),
(87, 521, 1, 10.00),
(88, 828, 1, 9.00),
(88, 1143, 1, 6.00),
(88, 959, 2, 5.00),
(88, 932, 3, 6.00),
(88, 934, 3, 6.00),
(88, 671, 1, 60.00),
(88, 578, 1, 12.00),
(88, 1088, 1, 9.50),
(88, 1203, 1, 7.50),
(88, 586, 2, 90.00),
(88, 443, 4, 80.00),
(89, 854, 4, 176.00),
(89, 684, 1, 15.00),
(89, 215, 3, 48.00),
(89, 607, 1, 20.00),
(89, 906, 1, 28.50),
(89, 1014, 1, 6.00),
(89, 1259, 1, 12.00),
(90, 443, 5, 100.00),
(90, 285, 1, 10.00),
(90, 487, 1, 4.00),
(90, 1090, 3, 10.50),
(90, 906, 5, 142.50),
(90, 969, 1, 3.00),
(90, 965, 1, 7.00),
(90, 242, 1, 36.00),
(90, 932, 6, 12.00),
(90, 958, 8, 16.00),
(90, 957, 8, 24.00),
(90, 974, 2, 42.00),
(90, 838, 1, 16.00),
(90, 964, 1, 7.00),
(90, 1143, 1, 6.00),
(90, 539, 1, 24.00),
(90, 716, 1, 24.00),
(90, 586, 1, 45.00),
(90, 1350, 38, 95.00),
(90, 1015, 1, 13.00),
(90, 1204, 1, 32.00),
(91, 881, 1, 9.00),
(91, 1141, 3, 51.00),
(91, 903, 2, 15.00),
(91, 1350, 4, 10.00),
(91, 215, 1, 15.00),
(91, 1354, 1, 5.00),
(91, 904, 1, 12.00),
(91, 1204, 1, 10.00),
(91, 1014, 1, 6.00),
(92, 904, 10, 110.00),
(92, 958, 2, 5.00),
(92, 1350, 4, 10.00),
(92, 1167, 2, 10.00),
(92, 579, 1, 14.00),
(92, 1143, 1, 5.00),
(92, 839, 1, 9.00),
(93, 716, 1, 24.00),
(93, 242, 1, 36.00),
(93, 443, 1, 20.00),
(94, 1367, 1, 18.00),
(94, 1037, 1, 15.00),
(94, 964, 8, 56.00),
(94, 1141, 5, 85.00),
(94, 552, 3, 3.00),
(94, 974, 6, 126.00),
(94, 349, 1, 14.00),
(94, 1078, 2, 24.00),
(94, 579, 1, 14.00),
(94, 967, 1, 12.00),
(94, 968, 1, 6.00),
(94, 215, 2, 32.00),
(94, 978, 1, 1.00),
(95, 382, 1, 65.00),
(95, 906, 2, 57.00),
(95, 1350, 10, 25.00),
(95, 1015, 1, 13.00),
(95, 1142, 1, 10.00),
(95, 385, 1, 12.00),
(95, 330, 1, 18.00),
(95, 901, 1, 9.50),
(95, 936, 1, 2.00),
(95, 1361, 5, 45.00),
(96, 956, 2, 6.00),
(96, 957, 2, 6.00),
(96, 958, 5, 12.50),
(96, 959, 5, 12.50),
(96, 960, 2, 5.00),
(96, 961, 5, 12.50),
(96, 932, 5, 10.00),
(96, 934, 3, 6.00),
(96, 201, 1, 60.00),
(96, 973, 1, 2.00),
(96, 586, 1, 45.00),
(96, 443, 3, 60.00),
(96, 946, 5, 7.50),
(96, 838, 2, 32.00),
(96, 1350, 2, 496.40),
(96, 1204, 1, 787.00),
(106, 218, 1, 17.00),
(106, 478, 1, 31.00),
(106, 1194, 1, 6.50),
(106, 1204, 1, 500.00),
(106, 978, 2, 2.00),
(106, 1147, 1, 18.00),
(106, 260, 1, 25.00),
(106, 1141, 5, 85.00),
(106, 1153, 1, 40.00),
(106, 1096, 2, 58.00),
(106, 1025, 1, 46.00),
(106, 969, 1, 3.00),
(106, 265, 1, 6.00),
(106, 1079, 2, 2.00),
(106, 1374, 2, 15.00),
(106, 838, 1, 15.00),
(106, 216, 1, 16.00),
(106, 968, 1, 6.00),
(106, 1143, 1, 6.00),
(106, 1373, 1, 18.00),
(106, 1361, 1, 1.00),
(106, 1087, 1, 4.00),
(107, 218, 5, 90.00),
(107, 967, 2, 24.00),
(107, 1096, 1, 29.00),
(107, 1143, 2, 10.50),
(107, 974, 2, 42.00),
(107, 934, 4, 8.00),
(107, 220, 1, 30.00),
(107, 1219, 12, 42.00),
(107, 1086, 3, 15.00),
(107, 1088, 1, 9.50),
(107, 932, 3, 6.00),
(107, 1147, 2, 37.00),
(107, 752, 1, 22.00),
(107, 569, 1, 26.00),
(107, 552, 4, 4.00),
(107, 968, 1, 6.00),
(107, 965, 1, 4.00),
(107, 1350, 5, 12.50),
(107, 711, 2, 36.00),
(107, 586, 1, 45.00),
(107, 637, 1, 25.00),
(107, 959, 2, 5.00),
(107, 956, 2, 6.00),
(107, 931, 2, 4.00),
(107, 906, 1, 28.50),
(107, 1204, 1, 60.00),
(108, 903, 1, 7.50),
(108, 1375, 1, 2.50),
(108, 930, 2, 4.00),
(108, 201, 1, 60.00),
(108, 1147, 1, 18.00),
(108, 586, 2, 90.00),
(108, 936, 2, 4.00),
(108, 866, 1, 60.00),
(108, 443, 2, 40.00),
(108, 1040, 1, 3.50),
(108, 342, 1, 35.00),
(109, 956, 5, 15.00),
(109, 957, 5, 15.00),
(109, 443, 4, 80.00),
(109, 242, 1, 36.00),
(109, 969, 1, 3.00),
(109, 586, 2, 90.00),
(109, 1376, 2, 18.00),
(109, 479, 1, 16.00),
(109, 973, 1, 2.00),
(109, 215, 1, 16.00),
(109, 854, 1, 45.00),
(109, 1204, 1, 255.00);

-- --------------------------------------------------------

--
-- Estructura de tabla para la tabla `tb_empleado`
--

CREATE TABLE `tb_empleado` (
  `idEmpleado` varchar(8) NOT NULL,
  `idTipoEmpleado` varchar(8) NOT NULL,
  `nombreEmpleado` varchar(50) NOT NULL,
  `apellidoEmpleado` varchar(50) NOT NULL,
  `imagen` varchar(50) NOT NULL,
  `estado` int(11) NOT NULL,
  `fecha_registro` date NOT NULL,
  `fecha_edicion` date NOT NULL
) ENGINE=InnoDB DEFAULT CHARSET=utf8mb4 COLLATE=utf8mb4_general_ci;

--
-- Volcado de datos para la tabla `tb_empleado`
--

INSERT INTO `tb_empleado` (`idEmpleado`, `idTipoEmpleado`, `nombreEmpleado`, `apellidoEmpleado`, `imagen`, `estado`, `fecha_registro`, `fecha_edicion`) VALUES
('70279368', '002', 'Jhon Jairo', 'Corihuaman Vizarres', '693bd0e2b4.jpeg', 0, '2025-01-29', '2025-01-29'),
('75964628', '000', 'Edward Smith', 'More Purihuaman', '79ae974eed.png', 1, '2025-01-11', '2025-01-13'),
('78945612', '002', 'vendedor', 'vendedor', '628a9f1c35.png', 0, '2025-01-15', '2025-02-11');

-- --------------------------------------------------------

--
-- Estructura de tabla para la tabla `tb_marca_producto`
--

CREATE TABLE `tb_marca_producto` (
  `idMarca` int(11) NOT NULL,
  `nombreMarca` varchar(50) NOT NULL
) ENGINE=InnoDB DEFAULT CHARSET=utf8mb4 COLLATE=utf8mb4_general_ci;

--
-- Volcado de datos para la tabla `tb_marca_producto`
--

INSERT INTO `tb_marca_producto` (`idMarca`, `nombreMarca`) VALUES
(25, '--'),
(27, 'LOSARO'),
(28, 'ANYPSA'),
(29, 'DURON'),
(30, 'ISSA'),
(31, 'JHOMERON'),
(32, 'PARACAS'),
(33, 'FLOZA'),
(34, 'VERCORP'),
(35, 'AUTOCAR'),
(36, 'MILSA'),
(37, 'CAMET'),
(38, 'DERQUSA'),
(39, '3BSI'),
(40, 'CHAM'),
(41, 'CHEMISA'),
(42, 'SCHUBERT'),
(43, 'PICASSO'),
(44, 'nueva marca'),
(48, 'BAYER'),
(49, 'AFIX'),
(50, 'VISTONY'),
(51, 'TOLBRIN'),
(52, 'MAJESTAD'),
(53, 'CPP'),
(54, 'SIKA'),
(55, 'SHUBERT'),
(56, 'DONGLAI'),
(57, 'TRUPER'),
(58, 'SAPOLIO'),
(59, 'NORTON'),
(60, 'TUMI'),
(61, 'KAMASA'),
(62, 'STANLEY'),
(63, 'CYKROM'),
(64, 'TEKNO'),
(65, 'TAMSA'),
(66, 'DEWALT'),
(67, 'GOLD RHINE'),
(68, 'MAKITA'),
(69, 'KATFEN'),
(70, 'CANPER'),
(71, 'SHERWIN WILLIAMS'),
(72, 'BREMEN'),
(73, 'TICINO'),
(74, 'WAILET'),
(75, 'PROMASTER'),
(76, 'PEGAFAN'),
(77, 'INECO'),
(78, 'MOUNTING TAPE'),
(79, 'MASTER');

-- --------------------------------------------------------

--
-- Estructura de tabla para la tabla `tb_pedido`
--

CREATE TABLE `tb_pedido` (
  `idPedido` int(11) NOT NULL,
  `Correlativo` varchar(8) NOT NULL,
  `idCliente` varchar(8) NOT NULL,
  `Conformidad` varchar(20) NOT NULL,
  `metodoPago` varchar(20) NOT NULL,
  `idEmpleado` varchar(8) NOT NULL,
  `igv` decimal(10,2) NOT NULL,
  `opGravda` decimal(10,2) NOT NULL,
  `Total` decimal(10,2) NOT NULL,
  `montoRecibido` decimal(10,2) NOT NULL,
  `vuelto` decimal(10,2) NOT NULL,
  `Fecha` date NOT NULL,
  `Hora` time NOT NULL
) ENGINE=InnoDB DEFAULT CHARSET=utf8mb4 COLLATE=utf8mb4_general_ci;

--
-- Volcado de datos para la tabla `tb_pedido`
--

INSERT INTO `tb_pedido` (`idPedido`, `Correlativo`, `idCliente`, `Conformidad`, `metodoPago`, `idEmpleado`, `igv`, `opGravda`, `Total`, `montoRecibido`, `vuelto`, `Fecha`, `Hora`) VALUES
(33, 'VNT-33', '75964628', 'Pagada', 'Yape', '70279368', 50.98, 232.22, 283.20, 283.20, 0.00, '2025-01-29', '15:39:27'),
(34, 'VNT-34', '75964628', 'Pagada', 'Efectivo', '70279368', 122.35, 557.35, 679.70, 679.70, 0.00, '2025-01-29', '15:52:48'),
(35, 'VNT-35', '75964628', 'Pagada', 'Efectivo', '70279368', 6.66, 30.34, 37.00, 37.00, 0.00, '2025-01-29', '15:54:44'),
(36, 'VNT-36', '75964628', 'Pagada', 'Yape', '70279368', 3.24, 14.76, 18.00, 18.00, 0.00, '2025-01-29', '15:59:56'),
(37, 'VNT-37', '75964628', 'Pagada', 'Efectivo', '70279368', 18.63, 84.87, 103.50, 103.50, 0.00, '2025-01-29', '17:27:43'),
(38, 'VNT-38', '75964628', 'Pagada', 'Yape', '70279368', 15.30, 69.70, 85.00, 85.00, 0.00, '2025-01-29', '17:28:20'),
(39, 'VNT-39', '70279368', 'Pagada', 'Yape', '70279368', 241.47, 1100.03, 1341.50, 1341.50, 0.00, '2025-01-30', '15:55:54'),
(40, 'VNT-40', '70279368', 'Pagada', 'Yape', '70279368', 6.03, 27.47, 33.50, 33.50, 0.00, '2025-01-30', '16:01:29'),
(45, 'VNT-45', '70279368', 'Pagada', 'Efectivo', '70279368', 2.52, 11.48, 14.00, 14.00, 0.00, '2025-01-30', '16:35:51'),
(46, 'VNT-46', '70279368', 'Pagada', 'Efectivo', '70279368', 28.60, 130.30, 158.90, 158.90, 0.00, '2025-01-30', '16:43:47'),
(47, 'VNT-47', '70279368', 'Pagada', 'Efectivo', '70279368', 58.68, 267.32, 326.00, 326.00, 0.00, '2025-01-30', '16:52:09'),
(48, 'VNT-48', '70279368', 'Pagada', 'Efectivo', '70279368', 0.72, 3.28, 4.00, 4.00, 0.00, '2025-01-30', '17:09:44'),
(49, 'VNT-49', '70279368', 'Pagada', 'Yape', '70279368', 1.44, 6.56, 8.00, 8.00, 0.00, '2025-01-30', '17:10:05'),
(50, 'VNT-50', '70279368', 'Pagada', 'Efectivo', '70279368', 7.63, 34.77, 42.40, 42.40, 0.00, '2025-01-30', '17:51:41'),
(51, 'VNT-51', '70279368', 'Pagada', 'Efectivo', '70279368', 2.61, 11.89, 14.50, 14.50, 0.00, '2025-01-30', '17:53:14'),
(52, 'VNT-52', '70279368', 'Pagada', 'Yape', '70279368', 78.12, 355.88, 434.00, 434.00, 0.00, '2025-01-31', '17:11:46'),
(53, 'VNT-53', '70279368', 'Pagada', 'Efectivo', '70279368', 48.96, 223.04, 272.00, 272.00, 0.00, '2025-01-31', '17:15:25'),
(54, 'VNT-54', '70279368', 'Pagada', 'Efectivo', '70279368', 13.86, 63.14, 77.00, 77.00, 0.00, '2025-01-31', '17:22:50'),
(55, 'VNT-55', '70279368', 'Pagada', 'Efectivo', '70279368', 1.08, 4.92, 6.00, 6.00, 0.00, '2025-01-31', '17:42:00'),
(56, 'VNT-56', '70279368', 'Pagada', 'Transferencia', '70279368', 216.27, 985.23, 1201.50, 1201.50, 0.00, '2025-02-01', '17:35:08'),
(57, 'VNT-57', '70279368', 'Pagada', 'Transferencia', '70279368', 124.56, 567.44, 692.00, 692.00, 0.00, '2025-02-01', '17:35:44'),
(58, 'VNT-58', '70279368', 'Pagada', 'Yape', '70279368', 86.94, 396.06, 483.00, 483.00, 0.00, '2025-02-01', '17:40:34'),
(59, 'VNT-59', '70279368', 'Pagada', 'Yape', '70279368', 9.40, 42.80, 52.20, 52.20, 0.00, '2025-02-01', '17:49:58'),
(60, 'VNT-60', '70279368', 'Pagada', 'Efectivo', '70279368', 34.02, 154.98, 189.00, 189.00, 0.00, '2025-02-01', '17:58:40'),
(61, 'VNT-61', '70279368', 'Pagada', 'Efectivo', '70279368', 18.00, 82.00, 100.00, 100.00, 0.00, '2025-02-01', '17:59:08'),
(62, 'VNT-62', '70279368', 'Pagada', 'Efectivo', '70279368', 75.60, 344.40, 420.00, 420.00, 0.00, '2025-02-03', '17:55:33'),
(63, 'VNT-63', '70279368', 'Pagada', 'Efectivo', '70279368', 59.40, 270.60, 330.00, 330.00, 0.00, '2025-02-03', '18:04:53'),
(64, 'VNT-64', '70279368', 'Pagada', 'Efectivo', '70279368', 2.70, 12.30, 15.00, 15.00, 0.00, '2025-02-03', '18:05:26'),
(65, 'VNT-65', '70279368', 'Pagada', 'Yape', '70279368', 1.35, 6.15, 7.50, 7.50, 0.00, '2025-02-03', '18:05:53'),
(66, 'VNT-66', '70279368', 'Pagada', 'Transferencia', '70279368', 163.87, 746.53, 910.40, 910.40, 0.00, '2025-02-03', '18:10:14'),
(67, 'VNT-67', '70279368', 'Pagada', 'Efectivo', '70279368', 26.55, 120.95, 147.50, 147.50, 0.00, '2025-02-03', '18:10:55'),
(68, 'VNT-68', '70279368', 'Pagada', 'Yape', '70279368', 96.57, 439.93, 536.50, 536.50, 0.00, '2025-02-03', '18:21:39'),
(69, 'VNT-69', '70279368', 'Pagada', 'Efectivo', '70279368', 2.97, 13.53, 16.50, 16.50, 0.00, '2025-02-03', '18:23:14'),
(70, 'VNT-70', '70279368', 'Pagada', 'Yape', '70279368', 42.52, 193.68, 236.20, 236.20, 0.00, '2025-02-04', '17:33:14'),
(71, 'VNT-71', '70279368', 'Pagada', 'Efectivo', '70279368', 102.78, 468.22, 571.00, 571.00, 0.00, '2025-02-04', '17:50:40'),
(72, 'VNT-72', '70279368', 'Pagada', 'Yape', '70279368', 46.26, 210.74, 257.00, 257.00, 0.00, '2025-02-04', '17:51:47'),
(73, 'VNT-73', '70279368', 'Pagada', 'Efectivo', '70279368', 4.41, 20.09, 24.50, 24.50, 0.00, '2025-02-04', '18:03:14'),
(74, 'VNT-74', '70279368', 'Pagada', 'Yape', '70279368', 54.54, 248.46, 303.00, 303.00, 0.00, '2025-02-05', '17:47:38'),
(75, 'VNT-75', '70279368', 'Pagada', 'Efectivo', '70279368', 39.15, 178.35, 217.50, 217.50, 0.00, '2025-02-05', '17:53:56'),
(76, 'VNT-76', '70279368', 'Pagada', 'Efectivo', '70279368', 23.49, 107.01, 130.50, 130.50, 0.00, '2025-02-05', '18:03:26'),
(77, 'VNT-77', '70279368', 'Pagada', 'Efectivo', '70279368', 7.20, 32.80, 40.00, 40.00, 0.00, '2025-02-05', '18:05:19'),
(78, 'VNT-78', '70279368', 'Pagada', 'Transferencia', '70279368', 39.60, 180.40, 220.00, 220.00, 0.00, '2025-02-05', '18:05:43'),
(79, 'VNT-79', '75964628', 'Pagada', 'Yape', '70279368', 191.25, 871.25, 1062.50, 1062.50, 0.00, '2025-02-06', '17:19:38'),
(80, 'VNT-80', '75964628', 'Pagada', 'Efectivo', '70279368', 68.76, 313.24, 382.00, 382.00, 0.00, '2025-02-06', '17:35:11'),
(81, 'VNT-81', '75964628', 'Pagada', 'Transferencia', '70279368', 44.55, 202.95, 247.50, 247.50, 0.00, '2025-02-06', '17:39:55'),
(82, 'VNT-82', '75964628', 'Pagada', 'Efectivo', '70279368', 58.32, 265.68, 324.00, 324.00, 0.00, '2025-02-06', '17:51:52'),
(83, 'VNT-83', '75964628', 'Pagada', 'Yape', '70279368', 25.65, 116.85, 142.50, 142.50, 0.00, '2025-02-06', '17:54:37'),
(84, 'VNT-84', '75964628', 'Pagada', 'Transferencia', '70279368', 71.28, 324.72, 396.00, 396.00, 0.00, '2025-02-06', '17:55:17'),
(85, 'VNT-85', '75964628', 'Pagada', 'Yape', '70279368', 79.11, 360.39, 439.50, 439.50, 0.00, '2025-02-07', '16:20:44'),
(86, 'VNT-86', '75964628', 'Pagada', 'Efectivo', '70279368', 55.85, 254.45, 310.30, 310.30, 0.00, '2025-02-07', '16:34:05'),
(87, 'VNT-87', '75964628', 'Pagada', 'Efectivo', '70279368', 37.08, 168.92, 206.00, 206.00, 0.00, '2025-02-07', '16:42:19'),
(88, 'VNT-88', '75964628', 'Pagada', 'Efectivo', '70279368', 52.38, 238.62, 291.00, 291.00, 0.00, '2025-02-07', '17:47:26'),
(89, 'VNT-89', '75964628', 'Pagada', 'Yape', '70279368', 54.99, 250.51, 305.50, 305.50, 0.00, '2025-02-07', '17:50:21'),
(90, 'VNT-90', '75964628', 'Pagada', 'Yape', '70279368', 120.42, 548.58, 669.00, 669.00, 0.00, '2025-02-08', '17:26:25'),
(91, 'VNT-91', '75964628', 'Pagada', 'Efectivo', '70279368', 23.94, 109.06, 133.00, 133.00, 0.00, '2025-02-08', '17:46:28'),
(92, 'VNT-92', '75964628', 'Pagada', 'Efectivo', '70279368', 29.34, 133.66, 163.00, 163.00, 0.00, '2025-02-08', '17:49:11'),
(93, 'VNT-93', '75964628', 'Pagada', 'Yape', '70279368', 14.40, 65.60, 80.00, 80.00, 0.00, '2025-02-08', '17:51:24'),
(94, 'VNT-94', '70279368', 'Pagada', 'Efectivo', '70279368', 73.08, 332.92, 406.00, 406.00, 0.00, '2025-02-10', '17:40:22'),
(95, 'VNT-95', '70279368', 'Pagada', 'Yape', '70279368', 46.17, 210.33, 256.50, 256.50, 0.00, '2025-02-10', '17:45:47'),
(96, 'VNT-96', '70279368', 'Pagada', 'Transferencia', '70279368', 280.87, 1279.53, 1560.40, 1560.40, 0.00, '2025-02-10', '17:55:51'),
(106, 'VNT-106', '75964628', 'Pagada', 'Efectivo', '78945612', 165.69, 754.81, 920.50, 920.50, 0.00, '2025-02-11', '20:01:40'),
(107, 'VNT-107', '75964628', 'Pagada', 'Efectivo', '78945612', 112.86, 514.14, 627.00, 627.00, 0.00, '2025-02-11', '20:20:42'),
(108, 'VNT-108', '75964628', 'Pagada', 'Yape', '78945612', 58.41, 266.09, 324.50, 324.50, 0.00, '2025-02-11', '20:25:35'),
(109, 'VNT-109', '75964628', 'Pagada', 'Yape', '78945612', 106.38, 484.62, 591.00, 591.00, 0.00, '2025-02-11', '20:29:36');

-- --------------------------------------------------------

--
-- Estructura de tabla para la tabla `tb_producto`
--

CREATE TABLE `tb_producto` (
  `idProducto` int(11) NOT NULL,
  `idMarca` int(11) DEFAULT NULL,
  `idTipoProducto` int(11) DEFAULT NULL,
  `nombreProducto` varchar(50) NOT NULL,
  `descripciónProducto` varchar(250) NOT NULL,
  `precioCompra` decimal(10,2) NOT NULL,
  `stock` int(11) NOT NULL,
  `update_adt` datetime NOT NULL DEFAULT current_timestamp(),
  `precioNormal` decimal(10,2) NOT NULL,
  `precioMinimo` decimal(10,2) NOT NULL,
  `precioPaquete` decimal(10,2) DEFAULT NULL
) ENGINE=InnoDB DEFAULT CHARSET=utf8mb4 COLLATE=utf8mb4_general_ci;

--
-- Volcado de datos para la tabla `tb_producto`
--

INSERT INTO `tb_producto` (`idProducto`, `idMarca`, `idTipoProducto`, `nombreProducto`, `descripciónProducto`, `precioCompra`, `stock`, `update_adt`, `precioNormal`, `precioMinimo`, `precioPaquete`) VALUES
(194, 28, 26, 'GLOSS X3 (COLOR MATE) 1 GALON - ANYPSA', '', 68.00, 100, '2025-01-10 08:43:58', 78.00, 77.00, 308.00),
(195, 28, 26, 'GLOSS X3 (COLOR BRILLO) 1 GALON - Anypsa', '.', 65.00, 100, '2025-01-13 09:02:06', 75.00, 73.00, 292.00),
(196, 28, 26, 'GLOSS X3 (COLOR ESPECIAL) 1 GALON - Anypsa', '.', 68.00, 100, '2025-01-13 12:47:47', 78.00, 77.00, 308.00),
(197, 28, 53, 'ESMALTE SINTETICO - MAESTRO 1 GALON', '', 36.00, 100, '2025-01-15 10:01:04', 55.00, 54.00, 216.00),
(198, 28, 26, 'BASE PARA MADERA - MAESTRO 1 GALON', '', 48.00, 100, '2025-01-15 10:04:31', 60.00, 59.00, 236.00),
(199, 34, 26, 'GLOSS VERCORP (COLOR MATE) 1 GALON', '', 57.00, 100, '2025-01-15 10:07:44', 70.00, 69.00, 276.00),
(200, 34, 26, 'BASE AL ACEITE (CR-7040) 1 GALON - EVERCORP', '', 100.00, 100, '2025-01-15 10:08:20', 110.00, 105.00, 200.00),
(201, 32, 32, 'LACA SELLADORA 1 GALON - PARACAS', '', 53.00, 95, '2025-01-15 10:09:37', 60.00, 59.00, 236.00),
(204, 30, 32, 'PIROXILINA LACA PARA MADERA 1 GALON - ISSA', '', 43.50, 100, '2025-01-15 10:19:53', 55.00, 53.00, 212.00),
(210, 28, 46, 'DURAFLAT 1 GALON - ANYPSA', '', 95.00, 100, '2025-01-15 10:38:11', 115.00, 114.00, 456.00),
(211, 41, 26, 'FONDO LIJABLE (DD A) 1 GALON - CHEMISA', '', 72.50, 100, '2025-01-15 10:40:11', 87.50, 87.00, 999.00),
(213, 31, 26, 'BASE PRIMER 1 GALON - JHOMERON', '', 63.00, 100, '2025-01-15 10:44:05', 76.00, 75.00, 300.00),
(215, 36, 27, 'THINNER ACRILICO REFORZADO - MILSA', '', 13.50, 90, '2025-01-15 10:47:10', 16.00, 15.00, 81.00),
(216, 36, 27, 'THINNER ACRILICO AUTOMOTRIZ - MILSA', '', 14.50, 99, '2025-01-15 10:47:35', 18.00, 17.00, 99.00),
(217, 28, 27, 'THINNER ORO EXTRA ACRILICO - ANYPSA 1 GALON', '', 24.00, 96, '2025-01-15 10:48:54', 38.00, 37.00, 222.00),
(218, 37, 27, 'THINNER AUTOMOTRIZ - CAMET', '', 1.00, 95, '2025-01-15 10:50:08', 18.00, 17.00, 999.00),
(219, 35, 27, 'REDUCTOR 15000 - AUTOCAR - 1 GALON', '', 25.00, 100, '2025-01-15 10:52:43', 45.00, 44.00, 264.00),
(220, 36, 30, 'BENCINA - MILSA 1 GALON', '', 16.00, 82, '2025-01-15 10:55:36', 30.00, 29.00, 999.00),
(222, 29, 53, 'ESMALTE AL HORNO 1 GALON - Duron', '', 53.00, 100, '2025-01-15 11:07:57', 60.00, 59.50, 238.00),
(224, 29, 26, 'BASE ZINCROMATO INDUSTRIAL 1 GALON - DURON', '', 40.00, 100, '2025-01-15 11:09:59', 60.00, 59.00, 236.00),
(225, 29, 26, 'REMOVEDOR DE PINTURA 1 GALON - DURON ', '', 43.00, 100, '2025-01-15 11:11:54', 70.00, 68.00, 272.00),
(226, 31, 26, 'GLOSS 1 GALON - JHOMERON (MARRON/MAGENTA)', '', 70.00, 100, '2025-01-15 11:15:18', 85.00, 80.00, 999.00),
(227, 27, 26, 'GLOSS 1 GALON- LOSARO ', '', 58.00, 100, '2025-01-15 11:28:50', 72.00, 70.00, 280.00),
(229, 28, 32, 'SEALLER MATE 1 GALON - ANYPSA', '', 45.00, 100, '2025-01-15 11:31:10', 65.00, 64.00, 256.00),
(235, 42, 29, 'SPRAY SCHUBERT ', '', 3.00, 98, '2025-01-15 11:47:15', 8.00, 7.00, 999.00),
(240, 39, 10, 'ACONDICIONADOR DE METALES 3BSI', '', 23.00, 100, '2025-01-15 14:15:38', 42.00, 40.00, 999.00),
(241, 41, 10, 'PARAFINICO - Chemisa 1 GALON (3L)', '', 37.00, 100, '2025-01-15 14:16:45', 55.00, 54.00, 324.00),
(242, 30, 47, 'DISOLVENTE DD - ISSA 1 GALON ', '', 23.00, 99, '2025-01-15 14:17:45', 35.00, 34.00, 204.00),
(243, 41, 47, 'DISOLVENTE DD NF - CHEMISA (FONDO LIJABLE) 1 GALON', '', 30.00, 100, '2025-01-15 14:18:33', 40.00, 39.00, 999.00),
(244, 29, 48, 'DILUYENTE EPOXICO - DURON', '', 31.00, 100, '2025-01-15 14:18:58', 41.00, 40.00, 999.00),
(245, 30, 10, 'LACQUER FLOOR - ISSA - 1 GALON', '', 33.00, 100, '2025-01-15 14:20:30', 45.00, 43.00, 258.00),
(246, 25, 36, 'PISTOLA PARA LIMPIEZA DE MOTORES  C&A PRO', '', 24.00, 97, '2025-01-15 14:27:43', 45.00, 43.00, 999.00),
(248, 75, 36, 'ESPATULA 1 PULGADA - PROMASTER', '', 2.00, 100, '2025-01-15 14:30:20', 4.00, 3.50, 999.00),
(249, 75, 36, 'ESPATULA 2 PULGADAS - PROMASTER', '', 2.14, 100, '2025-01-15 14:34:18', 5.50, 5.00, 999.00),
(250, 75, 36, 'ESPATULA 3 PULGADAS - PROMASTER', '', 2.45, 98, '2025-01-15 14:34:51', 6.50, 6.00, 999.00),
(251, 75, 36, 'ESPATULA 4 PULGADAS - PROMASTER', '', 2.75, 100, '2025-01-15 14:35:15', 8.50, 8.00, 999.00),
(256, 28, 26, 'ESMALTE EPOXICO 1 GALON - TITANIC ', '', 1.00, 100, '2025-01-15 14:38:38', 107.50, 107.00, 999.00),
(257, 27, 34, 'COLA CLASICA - LOSARO', '', 17.80, 101, '2025-01-15 14:52:55', 27.80, 25.80, 200.00),
(258, 28, 47, 'DISOLVENTE EPOXICO 1 GALON - TITANIC ', '', 38.00, 100, '2025-01-15 14:53:42', 45.00, 44.00, 999.00),
(259, 27, 28, 'ACIDO MURIATICO 1 LITRO (Losaro)', '', 2.90, 100, '2025-01-15 14:59:55', 8.00, 7.00, 999.00),
(260, 27, 28, 'ACIDO MURIATICO 1 GALON - (Losaro)', '', 8.50, 98, '2025-01-15 15:00:42', 25.00, 23.00, 2000.00),
(261, 27, 49, 'YESO CERAMICO - Losaro', '', 1.45, 100, '2025-01-15 15:01:19', 4.00, 3.80, 999.00),
(262, 27, 49, 'CEMENTO BLANCO - Losaro', '', 2.20, 112, '2025-01-15 15:02:02', 5.00, 4.50, 999.00),
(263, 38, 36, 'CAL NIEVE - Derqusa 1 KILO', '', 1.30, 100, '2025-01-15 15:02:41', 4.00, 3.80, 999.00),
(264, 27, 10, 'CEMENTO GRIS - Losaro', '', 1.20, 113, '2025-01-15 15:20:34', 3.50, 3.40, 999.00),
(265, 48, 50, 'OCRE - BAYER 1 KILO', '', 3.50, 92, '2025-01-15 15:22:35', 7.00, 6.50, 999.00),
(268, 28, 10, 'TINTE PARA MADERA DECOR - ANYPSA', '', 10.80, 99, '2025-01-15 15:26:18', 15.00, 14.00, 999.00),
(269, 38, 10, 'PRESERVANTE PARA MADERA 1 GALON - DERQUSA', '', 19.00, 100, '2025-01-15 15:27:39', 35.00, 33.00, 999.00),
(270, 38, 10, 'PRESERVANTE PARA MADERA 1 LITRO - DERQUSA', '', 6.00, 100, '2025-01-15 15:28:12', 12.00, 11.00, 999.00),
(271, 49, 10, 'PL 285 1 LITRO - AFIX', '', 19.72, 99, '2025-01-15 15:29:33', 35.00, 33.50, 999.00),
(272, 50, 10, 'GRASA AMARILLA 120 G - VISTONY', '', 2.00, 99, '2025-01-15 15:31:54', 8.00, 7.50, 999.00),
(273, 50, 10, 'GRASA AMARILLA 210 G - VISTONY', '', 5.00, 105, '2025-01-15 15:32:23', 13.50, 13.00, 999.00),
(274, 50, 10, 'GRASA AMARILLA 453 G - VISTONY', '', 10.00, 100, '2025-01-15 15:32:43', 18.00, 17.50, 999.00),
(275, 51, 10, 'LEJIA TOLBRIN - 4L', '', 7.00, 100, '2025-01-15 15:34:01', 12.00, 11.00, 999.00),
(276, 51, 10, 'LIMPIA VIDRIO TOLBRIN 650 ML', '', 5.00, 100, '2025-01-15 15:34:36', 12.00, 11.00, 999.00),
(277, 53, 10, 'TEMPLE PATO 25 KG', '', 20.00, 100, '2025-01-15 15:37:00', 28.00, 27.00, 999.00),
(282, 54, 43, 'SIKAFLEX 11FC+ ', '', 25.00, 100, '2025-01-15 16:29:59', 32.00, 31.00, 999.00),
(283, 55, 43, 'APLICADOR DE SILICONA NARANJA - SHUBERT', '', 8.80, 100, '2025-01-15 16:30:40', 15.00, 14.00, 999.00),
(284, 54, 43, 'SIKAFLEX 227', '', 27.00, 100, '2025-01-15 16:31:03', 35.00, 34.50, 999.00),
(285, 25, 43, 'SILICONA PARA VIDRIO (B/N/T/G) - HARDMAN', '', 4.50, 101, '2025-01-15 16:31:57', 10.00, 9.00, 999.00),
(286, 25, 43, 'SELLADOR DE CARROCERIA - WURTH', '', 100.00, 100, '2025-01-15 16:33:41', 110.00, 105.00, NULL),
(287, 54, 43, 'SIKASIL IA (TRANSPARENTE B/N)', '', 9.00, 99, '2025-01-15 16:34:08', 14.00, 13.50, 999.00),
(288, 50, 10, 'GRASA FIBRA H3  453 - VISTONY', '', 1.00, 100, '2025-01-15 16:35:06', 12.00, 11.00, 999.00),
(289, 42, 36, 'VALVULA PVC CON ROSCA 1/2 PULGADA - SCHUBERT', '', 2.50, 100, '2025-01-15 16:36:33', 5.00, 4.50, 999.00),
(290, 39, 10, 'TRANSFORMADOR DE OXIDO 1 L - 3BSI', '', 27.42, 100, '2025-01-15 16:37:46', 45.00, 40.00, 999.00),
(291, 42, 10, 'AFLOJA TODO - LUBRICANTE MULTIUSOS(Shubert)', '', 5.50, 99, '2025-01-15 16:38:51', 18.00, 17.00, 999.00),
(292, 56, 51, 'FOCO DONGLAI 9W', '', 2.00, 100, '2025-01-15 16:42:16', 5.00, 4.50, 999.00),
(293, 56, 51, 'FOCO DONGLAI 15W ', '', 2.50, 99, '2025-01-15 16:42:42', 6.00, 5.50, 999.00),
(294, 56, 51, 'FOCO DONGLAI 30W', '', 4.50, 100, '2025-01-15 16:43:07', 13.00, 12.00, 999.00),
(295, 56, 51, 'FOCO DONGLAI (50 W) - BULACK KING KONG ', '', 6.50, 100, '2025-01-15 16:43:58', 16.00, 15.00, 999.00),
(296, 25, 36, 'CAJA PARA LLAVES TERMOMAGNETICAS (5 POLOS)', '', 100.00, 96, '2025-01-15 16:46:20', 110.00, 105.00, NULL),
(297, 25, 36, 'CAJA PARA LLAVES TERMOMAGNETICAS (12 POLOS)', '', 100.00, 100, '2025-01-15 16:46:38', 110.00, 105.00, NULL),
(298, 25, 10, 'AFRICANITO NACIONAL (0.16)', '', 3.00, 100, '2025-01-15 16:48:48', 6.00, 5.50, 999.00),
(299, 25, 36, 'CINTA REFLECTIVA 1 METRO', '', 2.00, 100, '2025-01-15 16:57:53', 7.00, 6.50, 999.00),
(300, 56, 51, 'FOCO DONGLAI 7W ', '', 1.50, 100, '2025-01-15 16:58:33', 4.00, 3.80, 999.00),
(301, 42, 36, 'DETECTOR DE HUMO', '', 12.00, 100, '2025-01-15 16:59:05', 20.00, 19.00, 999.00),
(302, 57, 36, 'PISTOLA PARA PINTAR - Baja Presion - TRUPER', '', 38.00, 99, '2025-01-15 16:59:49', 78.00, 75.00, 999.00),
(303, 57, 36, 'PISTOLA PARA PINTAR - Alta Presion - TRUPER', '', 68.00, 100, '2025-01-15 17:01:43', 120.00, 118.00, 999.00),
(304, 38, 36, 'ALCOHOL INDUSTRIAL DERQUSA - 1 GALON', '', 18.00, 100, '2025-01-15 17:05:02', 38.00, 36.00, 999.00),
(305, 27, 36, 'ALCOHOL ISOPROPILICO - LOSARO', '', 33.50, 100, '2025-01-15 17:05:21', 55.00, 53.00, 2000.00),
(306, 50, 10, 'TEXOIL 1/4 GALON - VISTONY', '', 15.50, 100, '2025-01-15 17:07:25', 25.00, 24.00, 999.00),
(307, 25, 36, 'TEFLON ROJO ', '', 1.10, 97, '2025-01-15 17:12:42', 1.50, 1.30, 999.00),
(308, 25, 36, 'TEFLON AMARILLO', '', 1.50, 97, '2025-01-15 17:12:58', 3.00, 2.80, 999.00),
(309, 75, 36, 'CINTA DE DOBLE CONTACTO 3/4 X 2.5 MTS', '', 100.00, 100, '2025-01-15 17:14:38', 110.00, 105.00, 999.00),
(310, 75, 36, 'CINTA DE DOBLE CONTACTO 1 PULGADA X 2.5 MTS', '', 100.00, 100, '2025-01-15 17:15:16', 110.00, 105.00, 999.00),
(311, 59, 31, 'DISCO FLAP 4 1/2 - GRANO 40 - NORTON', '', 14.00, 100, '2025-01-15 17:17:56', 17.00, 16.50, 155.00),
(312, 25, 36, 'RENOVADOR DE MADERA 260ml (Super new wood)', '', 8.50, 99, '2025-01-15 17:19:27', 13.00, 12.00, 2000.00),
(313, 71, 36, 'DILUENTES & AUXILIARES - Sherwin Williams', '', 100.00, 100, '2025-01-15 17:21:24', 110.00, 105.00, 200.00),
(314, 25, 10, 'ARCO DE SIERRA  ALONG TOOLS', '', 12.00, 100, '2025-01-16 10:19:58', 18.00, 17.00, 999.00),
(315, 60, 52, 'BRUCHA TUMI 1 PULGADA ', '', 4.49, 100, '2025-01-16 10:22:26', 15.00, 14.50, 999.00),
(316, 60, 52, 'BROCHA TUMI 1 1/2 PULGADA ', '', 7.13, 100, '2025-01-16 10:23:03', 19.00, 18.50, 999.00),
(317, 60, 52, 'BROCHA TUMI 2 PULGADAS', '', 10.59, 100, '2025-01-16 10:23:20', 22.00, 21.00, 999.00),
(318, 60, 52, 'BROCHA TUMI 2 1/2 PULGADAS', '', 14.30, 100, '2025-01-16 10:24:40', 26.00, 25.00, 999.00),
(319, 60, 52, 'BROCHA TUMI 4 PULGADAS', '', 28.00, 100, '2025-01-16 10:24:55', 38.00, 37.00, 99.00),
(320, 60, 52, 'BROCHA TUMI 3 PULGADAS', '', 19.20, 100, '2025-01-16 10:25:33', 32.00, 31.00, 999.00),
(321, 42, 43, 'SILICONA AUTOMOTRIZ  SHUBERT ', '', 4.50, 100, '2025-01-16 10:32:45', 8.00, 7.50, 999.00),
(322, 25, 43, 'SILICONA GREY 999 - ABRD', '', 100.00, 100, '2025-01-16 10:33:25', 110.00, 105.00, NULL),
(323, 25, 31, 'DISCO DE MADERA 4 1/2 - TOOLMAX', '', 4.50, 100, '2025-01-16 10:34:30', 12.00, 11.00, 999.00),
(324, 25, 31, 'DISCO DIAMANTADO 4 1/2 ', '', 4.50, 100, '2025-01-16 10:36:05', 12.00, 11.00, 999.00),
(326, 61, 36, 'CUCHILLA PARA CUTER - KAMASA', '', 2.50, 99, '2025-01-16 10:40:34', 7.00, 6.50, 999.00),
(327, 25, 10, 'SILICONA NEUTRA - W - MAX', '', 100.00, 100, '2025-01-16 10:41:06', 110.00, 105.00, NULL),
(328, 42, 36, 'TIJERA HOJALATERA 8 PULGADAS - SHUBERT', '', 10.00, 100, '2025-01-16 10:42:26', 18.00, 17.00, 999.00),
(329, 42, 36, 'TIJERA HOJALATERA 10 PULGADAS - SHUBERT', '', 12.00, 100, '2025-01-16 10:42:46', 20.00, 19.00, 999.00),
(330, 61, 36, 'CAUTIN TIPO PISTOLA - KAMASA', '', 10.00, 99, '2025-01-16 10:43:17', 18.00, 17.00, 999.00),
(331, 57, 36, 'CUTER TRUPER', '', 8.00, 100, '2025-01-16 10:44:35', 12.00, 11.00, 999.00),
(332, 25, 36, 'CANDADO CANPER L3', '', 100.00, 100, '2025-01-16 10:46:35', 110.00, 105.00, NULL),
(333, 25, 36, 'CANDADO CANPER L4', '', 100.00, 100, '2025-01-16 10:46:52', 110.00, 105.00, NULL),
(334, 25, 36, 'CANDADO CANPER L5', '', 100.00, 100, '2025-01-16 10:47:03', 110.00, 105.00, NULL),
(335, 25, 36, 'CANDADO CANPER L6', '', 100.00, 100, '2025-01-16 10:47:48', 110.00, 105.00, NULL),
(336, 25, 36, 'GUANTES DE POLIETILENO - GLOVES PASTIC', '', 5.00, 100, '2025-01-16 10:49:42', 12.00, 10.00, 999.00),
(337, 42, 36, 'PRECINTO SCHUBERT 2.5 X 150mm', '', 1.52, 100, '2025-01-16 10:50:55', 6.00, 5.50, 999.00),
(338, 42, 36, 'PRECINTO SCHUBERT 3.6 x 200mm', '', 3.34, 100, '2025-01-16 10:51:42', 10.00, 9.50, 999.00),
(339, 25, 36, 'JUEGO DE LLAVES HEXAGONALES - PRETUL', '', 6.00, 100, '2025-01-16 10:52:34', 12.00, 11.00, 999.00),
(340, 61, 36, 'JUEGO DE ACOPLE - KAMASA', '', 12.00, 100, '2025-01-16 10:53:36', 25.00, 24.00, 999.00),
(341, 62, 36, 'WINCHA STANLEY - 3M', '', 11.00, 100, '2025-01-16 10:55:24', 20.00, 18.00, 999.00),
(342, 62, 36, 'WINCHA STANLEY - 5M', '', 16.00, 99, '2025-01-16 10:55:49', 27.00, 26.00, 999.00),
(343, 62, 36, 'WINCHA STANLEY - 8M', '', 25.50, 100, '2025-01-16 10:56:12', 35.00, 34.00, 999.00),
(344, 42, 36, 'PRECINTO SCHUBERT 4.8 X 250mm', '', 5.82, 100, '2025-01-16 10:58:02', 14.00, 13.50, 999.00),
(345, 25, 36, 'JUEGO DE MECHAS (PALETA) - ASAKI', '', 10.00, 100, '2025-01-16 11:00:23', 20.00, 19.00, 999.00),
(346, 25, 31, 'DISCO DE MADERA 7 1/4 PULGADAS - IRWIN', '', 15.00, 100, '2025-01-16 11:04:47', 25.00, 24.00, 999.00),
(347, 25, 36, 'SET MINI ALICATES - FREED', '', 15.00, 100, '2025-01-16 11:05:36', 25.00, 24.00, 999.00),
(348, 25, 36, 'REMACHADORA - INCCO', '', 15.00, 100, '2025-01-16 11:06:25', 25.00, 24.00, 999.00),
(349, 69, 36, 'ALICATE DE PRESION KATFEN - 10 PULGADAS', '', 8.00, 96, '2025-01-16 11:09:24', 15.00, 14.00, 999.00),
(350, 57, 36, 'LENTES - TRUPER', '', 5.00, 100, '2025-01-16 11:10:43', 8.00, 7.50, 999.00),
(351, 25, 36, 'LENTES NEGROS - C&A', '', 1.80, 97, '2025-01-16 11:11:18', 5.00, 4.50, 999.00),
(352, 51, 36, 'LIMPIA TODO - TOLBRIN 1 GALON', '', 8.37, 100, '2025-01-16 11:12:14', 16.00, 15.50, 999.00),
(353, 25, 36, 'CAJA PARA LLAVES TERMOMAGNETICAS (1 - 2 POLOS)', '', 100.00, 100, '2025-01-16 11:13:51', 110.00, 105.00, NULL),
(354, 25, 36, 'LENTES - LIBUS', '', 100.00, 99, '2025-01-16 11:16:26', 110.00, 105.00, NULL),
(355, 25, 36, 'TAPON AUDITIVO CON CORDON - CLUTE', '', 1.20, 98, '2025-01-16 11:17:24', 2.00, 1.50, 999.00),
(356, 25, 36, 'PILAS TOSHIBA AA (2 PARES)', '20 PRECIO CAJA', 1.00, 100, '2025-01-16 11:18:40', 5.50, 5.30, 999.00),
(357, 25, 36, 'PILAS PANASONIC AA  (PAR)', '20 PRECIO POR CAJA', 1.00, 100, '2025-01-16 11:19:18', 4.00, 3.80, 999.00),
(358, 25, 36, 'PILAS TOSHIBA AAA (2 PARES)', '20 PRECIO CAJA', 1.00, 100, '2025-01-16 11:19:47', 4.00, 3.80, 999.00),
(359, 25, 36, 'CERRADURA FORTE CLASICA 240 ', '', 62.00, 100, '2025-01-16 11:21:31', 85.00, 80.00, 999.00),
(360, 25, 36, 'CERRADURA WINGS W8083', '', 38.00, 100, '2025-01-16 11:21:58', 58.00, 55.00, 999.00),
(361, 25, 36, 'CERRADURA TIPO BOLA CORMADA (DORMITORIO) - C&A', '', 13.80, 100, '2025-01-16 11:22:46', 24.00, 22.00, 999.00),
(362, 25, 36, 'CERRADURA TIPO BOLA  SATINADA (BAÑO) - C&A', '', 13.80, 100, '2025-01-16 11:24:26', 24.00, 22.00, 999.00),
(363, 25, 36, 'CERRADURA TIPO BOLA BRONCE ANTIGUO (DORMITORIO) - ', '', 16.00, 100, '2025-01-16 11:26:12', 25.00, 23.00, 999.00),
(364, 25, 36, 'CERRADURA TIPO BOLA DORADO (DORMITORIO) - C&A', '', 16.00, 100, '2025-01-16 11:27:28', 25.00, 23.00, 999.00),
(365, 27, 26, 'BASE ZINCROMATO 1 GALON - LOSARO', '', 36.00, 100, '2025-01-16 11:28:49', 55.00, 53.00, 212.00),
(366, 34, 26, 'ESMALTE TRAFICO 1 GALON - EVERCORP ', '', 100.00, 100, '2025-01-16 11:31:21', 110.00, 105.00, 200.00),
(367, 28, 46, 'BARNIZ DD (Parte B) - ANYPSA 1 GALON', '', 82.00, 100, '2025-01-16 11:32:34', 98.00, 97.00, 388.00),
(368, 34, 26, 'GLOSS VERCORP (COLOR BRILLO) 1 GALON', '', 48.50, 100, '2025-01-16 11:34:06', 65.00, 64.00, 256.00),
(369, 35, 46, 'BARNIZ PREMIUM  (Ultra HS960) 1 GALON - AUTOCAR', '', 100.00, 100, '2025-01-16 11:35:20', 110.00, 105.00, 200.00),
(371, 31, 32, 'ACRILICO - JHOMERON (BLANCO/NEGRO) 1 GALON', '', 77.00, 100, '2025-01-16 11:37:26', 88.00, 87.00, 388.00),
(374, 31, 26, 'MASILLA AUTOMOTRIZ FX300 - JHOMERON 1 GALON', '', 75.00, 100, '2025-01-16 11:40:59', 98.00, 97.00, 388.00),
(375, 34, 26, 'GLOSS NITRO CR-7000 (COLOR ESPECIAL) 1 GALON', '', 100.00, 100, '2025-01-16 11:43:06', 110.00, 105.00, 200.00),
(382, 28, 26, 'GLOSS MASTERGLOSS - 3T 1 GALON - ANYPSA', '', 48.00, 96, '2025-01-16 11:54:13', 65.00, 62.00, 248.00),
(383, 28, 26, 'GLOSS MASTERGLOSS - 3T 1/2 GALON - ANYPSA', '', 1.00, 98, '2025-01-16 11:54:34', 35.00, 34.50, 999.00),
(384, 28, 26, 'GLOSS MASTERGLOSS - 3T 1/4 GALON - ANYPSA', '', 1.00, 97, '2025-01-16 11:55:19', 20.00, 19.50, 999.00),
(385, 28, 26, 'GLOSS MASTERGLOSS - 3T 1/8 GALON - ANYPSA', '', 1.00, 97, '2025-01-16 11:56:44', 10.00, 9.50, 999.00),
(386, 38, 26, 'UNDERCOATING - DERQUSA 1 GALON ', '', 18.00, 100, '2025-01-16 11:58:24', 40.00, 38.00, 152.00),
(390, 31, 26, 'CATALIZADOR POLIURETANO - JHOMERON 1 GALON', '', 100.00, 100, '2025-01-16 12:05:29', 168.00, 158.00, 999.00),
(392, 64, 32, 'DULL SEALER 1 GALON - TEKNO', '', 81.00, 100, '2025-01-16 12:08:46', 105.00, 100.00, 999.00),
(393, 64, 34, 'COLA EXTRA (Sintetica) - TEKNO', '', 33.00, 98, '2025-01-16 12:11:36', 43.00, 42.00, 168.00),
(394, 64, 34, 'COLA ULTRA (Sintetica) - TEKNO', '', 42.00, 100, '2025-01-16 12:12:18', 53.00, 52.00, 208.00),
(395, 27, 34, 'COLA ULTRA - LOSARO', '', 37.00, 102, '2025-01-16 12:13:15', 47.00, 45.00, 2000.00),
(396, 53, 26, 'IMPRIMANTE - CPP', '', 100.00, 100, '2025-01-16 12:15:15', 110.00, 105.00, NULL),
(397, 53, 26, 'LATEX PATO - CPP 1 GALON', '', 32.50, 100, '2025-01-16 12:18:07', 45.00, 43.00, 172.00),
(399, 65, 26, 'LATEX - TAMSA 1 GALON', '', 10.50, 100, '2025-01-16 12:21:10', 25.00, 23.00, 92.00),
(412, 65, 26, 'SELLADOR DE PARED - TAMSA', '', 100.00, 100, '2025-01-16 12:27:49', 110.00, 105.00, NULL),
(413, 28, 46, 'BARNIZ PARA MADERA - 3T ANYPSA (1 GALON)', '', 39.00, 100, '2025-01-16 12:29:33', 62.00, 61.00, 244.00),
(414, 28, 46, 'BARNIZ PARA MADERA - 3T ANYPSA (1/2 GALON)', '', 1.00, 99, '2025-01-16 18:10:17', 31.00, 30.00, 999.00),
(415, 59, 31, 'DISCO FLAP 4 1/2 - GRANO 60 - NORTON', '', 14.00, 100, '2025-01-17 08:59:21', 17.00, 16.50, 155.00),
(416, 59, 31, 'DISCO FLAP 4 1/2 - GRANO 80 - NORTON', '', 14.00, 99, '2025-01-17 08:59:44', 17.00, 16.50, 155.00),
(417, 25, 31, 'DISCO FLAP 4 1/2 - GRANO 40 - GOLD RHINO', '', 2.90, 98, '2025-01-17 09:01:02', 10.00, 9.00, 999.00),
(418, 25, 31, 'DISCO FLAP 4 1/2 - GRANO 60 - GOLD RHINO', '', 2.90, 100, '2025-01-17 09:01:15', 10.00, 9.00, 999.00),
(419, 67, 31, 'DISCO FLAP 4 1/2 - GRANO 80 - GOLD RHINO', '', 2.90, 100, '2025-01-17 09:01:27', 10.00, 9.00, 999.00),
(420, 61, 31, 'DISCO FLAP 4 1/2 - GRANO 40 - KAMASA', 'PRECIO CAJA (37)', 3.70, 97, '2025-01-17 09:01:48', 8.00, 7.00, 999.00),
(421, 59, 31, 'DISCO DE CORTE 4 1/2 - NORTON', '', 3.80, 100, '2025-01-17 09:02:46', 6.00, 5.00, 999.00),
(422, 67, 31, 'DISCO DE CORTE 4 1/2 - GOLD RHINE', '', 1.45, 100, '2025-01-17 09:03:18', 5.00, 4.50, 999.00),
(423, 66, 31, 'DISCO DE CORTE 7 PULGADAS - DEWALT', '', 6.80, 100, '2025-01-17 09:04:32', 9.00, 8.00, 999.00),
(424, 66, 31, 'DISCO DE CORTE 4 1/2 PULGADAS - DEWALT', '', 3.00, 100, '2025-01-17 09:07:31', 5.00, 4.50, 999.00),
(425, 66, 31, 'DISCO DE DESBASTE 4 1/2 - DEWALT', '', 4.50, 100, '2025-01-17 09:14:42', 8.00, 7.00, 999.00),
(426, 68, 31, 'DISCO DE DESBASTE 4 1/2 - MAKITA', '', 100.00, 100, '2025-01-17 09:15:04', 110.00, 105.00, 200.00),
(427, 25, 36, 'PEGATANKE EPOXI (Negro)', '', 100.00, 100, '2025-01-17 09:17:26', 110.00, 105.00, 200.00),
(428, 69, 31, 'ESCOBILLA COPA TRENZADA 3 PULGADAS - KATFEN', '', 4.50, 100, '2025-01-17 09:20:41', 10.00, 9.50, 999.00),
(429, 25, 31, 'ESCOBILLA COPA DORADA 3 PULGADAS - ALMOS', '', 4.50, 99, '2025-01-17 09:21:25', 10.00, 9.50, 999.00),
(431, 50, 36, 'ACEITE PARA COMPRESORA 1/8 GALON - VISTONY', '', 10.82, 100, '2025-01-17 09:23:34', 20.00, 19.00, 999.00),
(432, 69, 31, '	ESCOBILLA COPA 4 PULGADAS - KATFEN', '', 100.00, 100, '2025-01-17 09:24:33', 110.00, 105.00, 200.00),
(433, 50, 36, 'ACEITE PARA COMPRESORA 1/4 GALON - VISTONY', '', 16.86, 100, '2025-01-17 09:25:07', 29.00, 28.00, 999.00),
(434, 25, 10, 'AFRICANITO NACIONAL (0.76)', '', 3.50, 100, '2025-01-17 09:28:32', 7.00, 6.50, 999.00),
(435, 70, 36, 'CANDADO CANPER 20mm', '', 100.00, 100, '2025-01-17 09:31:21', 110.00, 105.00, 200.00),
(436, 70, 36, 'CANDADO CAMPER 25mm', '', 100.00, 100, '2025-01-17 09:32:33', 110.00, 105.00, 200.00),
(437, 70, 36, 'CANDADO CAMPER 63mm', '', 100.00, 100, '2025-01-17 09:32:57', 110.00, 105.00, 200.00),
(438, 25, 36, 'CANDADO HIERRO NIQUELEADO ANTIPALANCA 84mm C&A', '', 22.00, 100, '2025-01-17 09:33:52', 42.00, 40.00, 999.00),
(439, 54, 36, 'PROTECTOR ANTIGRAVILLA - UNDERCOATING - SIKA 1L', '', 54.30, 100, '2025-01-17 09:36:26', 75.00, 74.00, 999.00),
(440, 71, 36, 'BARNIZ ULTRA 7000 + ENDURECEDOR 1/4 - Sherwin Will', '', 55.00, 100, '2025-01-17 09:42:54', 75.00, 70.00, 999.00),
(443, 28, 27, 'THINNER MAESTRAZO AUTOMOTRIZ', '', 15.50, 87, '2025-01-17 16:02:48', 20.00, 19.00, 114.00),
(444, 35, 27, 'X6 ACTIVADOR - AUTOCAR', '', 100.00, 100, '2025-01-17 16:03:50', 110.00, 105.00, 200.00),
(445, 31, 47, 'DISOLVENTE EPOXICO UNIVERSAL (3.5L) - JHOMERON', '', 23.00, 100, '2025-01-17 16:04:55', 40.00, 39.00, 999.00),
(446, 63, 27, 'RETARDADOR CYKROM - 1 GALON', '', 27.00, 100, '2025-01-17 16:05:54', 40.00, 38.00, 228.00),
(447, 28, 26, 'GLOSS X3 (COLOR MATE) 1/2 GALON - ANYPSA', '', 1.00, 100, '2025-01-17 16:06:44', 40.00, 39.00, 999.00),
(448, 28, 26, 'GLOSS X3 (COLOR MATE) 1/4 GALON - ANYPSA', '', 1.00, 100, '2025-01-17 16:07:08', 24.00, 23.00, 999.00),
(449, 28, 26, 'GLOSS X3 (COLOR MATE) 1/8 GALON - ANYPSA', '', 1.00, 99, '2025-01-17 16:07:30', 13.00, 12.00, 999.00),
(450, 28, 26, 'GLOSS X3 (COLOR MATE) 1/16 GALON - ANYPSA', '', 1.00, 100, '2025-01-17 16:08:05', 8.00, 7.00, 999.00),
(451, 28, 26, 'GLOSS X3 (COLOR MATE) 1/32 GALON - ANYPSA', '', 1.00, 100, '2025-01-17 16:08:33', 6.00, 5.00, 999.00),
(453, 28, 26, 'GLOSS X3 (COLOR BRILLO) 1/2 GALON - Anypsa', '', 1.00, 100, '2025-01-17 16:09:48', 37.50, 37.00, 999.00),
(454, 28, 26, 'GLOSS X3 (COLOR BRILLO) 1/4 GALON - Anypsa', '', 1.00, 100, '2025-01-17 16:15:20', 20.00, 19.50, 999.00),
(455, 28, 26, 'GLOSS X3 (COLOR BRILLO) 1/8 GALON - Anypsa', '', 1.00, 100, '2025-01-17 16:19:49', 10.00, 9.50, 999.00),
(456, 28, 26, 'GLOSS X3 (COLOR BRILLO) 1/16 GALON - Anypsa', '', 1.00, 100, '2025-01-17 16:20:06', 7.00, 6.80, 999.00),
(457, 28, 26, 'GLOSS X3 (COLOR BRILLO) 1/32 GALON - Anypsa', '', 1.00, 105, '2025-01-17 16:20:44', 5.00, 4.80, 999.00),
(458, 28, 26, 'GLOSS X3 (COLOR ESPECIAL) 1/2 GALON - Anypsa', '', 1.00, 100, '2025-01-17 16:26:52', 40.00, 39.00, 999.00),
(459, 28, 26, 'GLOSS X3 (COLOR ESPECIAL) 1/4 GALON - Anypsa', '', 1.00, 100, '2025-01-17 16:27:08', 24.00, 23.00, 999.00),
(460, 28, 26, 'GLOSS X3 (COLOR ESPECIAL) 1/8 GALON - Anypsa', '', 1.00, 100, '2025-01-17 16:27:24', 13.00, 12.00, 999.00),
(461, 28, 26, 'GLOSS X3 (COLOR ESPECIAL) 1/16 GALON - Anypsa', '', 1.00, 100, '2025-01-17 16:27:49', 8.00, 7.00, 999.00),
(462, 28, 26, 'GLOSS X3 (COLOR ESPECIAL) 1/32 GALON - Anypsa', '', 1.00, 105, '2025-01-17 16:28:08', 6.00, 5.00, 999.00),
(463, 34, 26, 'GLOSS VERCORP (COLOR MATE)  1/2 GALON	', '', 1.00, 100, '2025-01-17 16:30:07', 42.00, 41.00, 999.00),
(464, 34, 26, 'GLOSS VERCORP (COLOR MATE) 1/4 GALON	', '', 1.00, 105, '2025-01-17 16:30:23', 24.00, 23.00, 999.00),
(465, 34, 26, 'GLOSS VERCORP (COLOR MATE) 1/8 GALON	', '', 1.00, 100, '2025-01-17 16:30:44', 12.00, 11.50, 999.00),
(466, 34, 26, 'GLOSS VERCORP (COLOR MATE) 1/16 GALON	', '', 1.00, 100, '2025-01-17 16:31:03', 7.00, 6.50, 999.00),
(467, 34, 26, 'GLOSS VERCORP (COLOR MATE) 1/32 GALON	', '', 1.00, 100, '2025-01-17 16:31:22', 6.00, 5.50, 999.00),
(468, 34, 26, 'GLOSS VERCORP (COLOR BRILLO) 1/2 GALON', '', 1.00, 100, '2025-01-17 16:32:15', 35.00, 34.00, 999.00),
(469, 34, 26, 'GLOSS VERCORP (COLOR BRILLO) 1/4 GALON', '', 1.00, 100, '2025-01-17 16:33:11', 20.00, 19.50, 999.00),
(470, 34, 26, 'GLOSS VERCORP (COLOR BRILLO) 1/8 GALON', '', 1.00, 100, '2025-01-17 16:33:29', 10.00, 9.50, 999.00),
(471, 34, 26, 'GLOSS VERCORP (COLOR BRILLO) 1/16 GALON', '', 1.00, 100, '2025-01-17 16:33:48', 6.00, 5.50, 999.00),
(472, 34, 26, 'GLOSS VERCORP (COLOR BRILLO) 1/32 GALON', '', 1.00, 100, '2025-01-17 16:34:05', 5.00, 4.50, 999.00),
(473, 34, 26, 'GLOSS NITRO CR-7000 (COLOR ESPECIAL) 1/2 GALON', '', 100.00, 100, '2025-01-17 16:35:01', 110.00, 105.00, 200.00),
(474, 34, 26, 'GLOSS NITRO CR-7000 (COLOR ESPECIAL) 1/4 GALON', '', 100.00, 100, '2025-01-17 16:35:21', 110.00, 105.00, 200.00),
(475, 34, 26, 'GLOSS NITRO CR-7000 (COLOR ESPECIAL) 1/8 GALON', '', 100.00, 100, '2025-01-17 16:35:37', 110.00, 105.00, 200.00),
(476, 34, 26, 'GLOSS NITRO CR-7000 (COLOR ESPECIAL) 1/16 GALON', '', 100.00, 100, '2025-01-17 16:35:56', 110.00, 105.00, 200.00),
(477, 34, 26, 'GLOSS NITRO CR-7000 (COLOR ESPECIAL) 1/32 GALON', '', 100.00, 100, '2025-01-17 16:36:11', 110.00, 105.00, 200.00),
(478, 32, 32, 'LACA SELLADORA 1/2 GALON - PARACAS', '', 1.00, 98, '2025-01-17 17:12:00', 31.00, 30.00, 999.00),
(479, 32, 32, 'LACA SELLADORA 1/4 GALON - PARACAS	', '', 1.00, 98, '2025-01-17 17:13:49', 16.00, 15.50, 999.00),
(480, 32, 32, 'LACA SELLADORA 1/8 GALON - PARACAS	', '', 1.00, 97, '2025-01-17 17:14:23', 9.00, 8.50, 999.00),
(481, 32, 32, 'LACA SELLADORA 1/16 GALON - PARACAS	', '', 1.00, 100, '2025-01-17 17:14:51', 6.00, 5.50, 999.00),
(482, 32, 26, 'LACA SELLADORA 1/32 GALON - PARACAS	', '', 1.00, 100, '2025-01-17 17:17:30', 4.50, 4.00, 999.00),
(483, 30, 32, 'PIROXILINA LACA PARA MADERA 1/2 GALON - ISSA', '', 1.00, 100, '2025-01-17 17:18:11', 28.50, 28.00, 999.00),
(484, 30, 32, 'PIROXILINA LACA PARA MADERA 1/4 GALON - ISSA', '', 1.00, 99, '2025-01-17 17:18:27', 15.00, 14.50, 999.00),
(485, 30, 32, 'PIROXILINA LACA PARA MADERA 1/8 GALON - ISSA', '', 1.00, 100, '2025-01-17 17:19:31', 8.00, 7.50, 999.00),
(486, 30, 32, 'PIROXILINA LACA PARA MADERA 1/16 GALON - ISSA', '', 1.00, 100, '2025-01-17 17:19:57', 5.00, 4.50, 999.00),
(487, 30, 32, 'PIROXILINA LACA PARA MADERA 1/32 GALON - ISSA', '', 1.00, 99, '2025-01-17 17:20:38', 4.00, 3.50, 999.00),
(488, 34, 26, 'BASE AL ACEITE (CR-7040) 1/2 GALON - EVERCORP', '', 100.00, 100, '2025-01-17 17:24:09', 110.00, 105.00, 200.00),
(489, 34, 26, 'BASE AL ACEITE (CR-7040) 1/4 GALON - EVERCORP', '', 100.00, 100, '2025-01-17 17:24:29', 110.00, 105.00, 200.00),
(490, 34, 26, 'BASE AL ACEITE (CR-7040) 1/8 GALON - EVERCORP', '', 100.00, 100, '2025-01-17 17:28:42', 110.00, 105.00, 200.00),
(491, 34, 26, 'BASE AL ACEITE (CR-7040) 1/16 GALON - EVERCORP', '', 100.00, 100, '2025-01-17 17:29:01', 110.00, 105.00, 200.00),
(492, 34, 26, 'BASE AL ACEITE (CR-7040) 1/32 GALON - EVERCORP', '', 100.00, 100, '2025-01-17 17:29:26', 110.00, 105.00, 200.00),
(493, 28, 46, 'DURAFLAT 1/2 GALON - ANYPSA', '', 1.00, 100, '2025-01-17 17:39:20', 59.00, 58.50, 999.00),
(494, 28, 46, 'DURAFLAT 1/4 GALON - ANYPSA', '', 1.00, 100, '2025-01-17 17:39:49', 30.00, 29.50, 999.00),
(495, 28, 46, 'DURAFLAT 1/8 GALON - ANYPSA', '', 1.00, 100, '2025-01-17 17:40:13', 16.00, 15.50, 999.00),
(496, 28, 46, 'DURAFLAT 1/16 GALON - ANYPSA', '', 1.00, 100, '2025-01-17 17:40:33', 9.00, 8.50, 999.00),
(497, 28, 46, 'DURAFLAT 1/32 GALON - ANYPSA', ' ', 1.00, 100, '2025-01-17 17:40:58', 6.00, 5.50, 999.00),
(498, 31, 26, 'BASE PRIMER 1/2 GALON - JHOMERON', '', 1.00, 100, '2025-01-17 17:46:56', 40.00, 39.00, 999.00),
(499, 31, 26, 'BASE PRIMER 1/4 GALON - JHOMERON', '', 1.00, 100, '2025-01-17 17:47:13', 22.00, 21.00, 999.00),
(501, 31, 26, 'BASE PRIMER 1/8 GALON - JHOMERON', '', 1.00, 100, '2025-01-17 17:48:05', 12.00, 11.00, 999.00),
(502, 31, 26, 'BASE PRIMER 1/16 GALON - JHOMERON', '', 1.00, 100, '2025-01-17 17:48:26', 7.00, 6.00, 999.00),
(503, 31, 26, 'BASE PRIMER 1/32 GALON - JHOMERON', '', 1.00, 100, '2025-01-17 17:48:41', 5.00, 4.50, 999.00),
(504, 41, 26, 'FONDO LIJABLE (DD A) 1/2 GALON - CHEMISA', '', 1.00, 100, '2025-01-17 17:58:18', 45.00, 44.00, 999.00),
(505, 41, 26, 'FONDO LIJABLE  (DDA) 1/4 GALON - CHEMISA', '', 1.00, 105, '2025-01-17 17:58:36', 23.50, 22.50, 999.00),
(509, 29, 26, 'ESMALTE AL HORNO 1/2 GALON - Duron', '', 1.00, 100, '2025-01-17 18:01:28', 32.00, 31.00, 999.00),
(510, 29, 53, 'ESMALTE AL HORNO 1/4 GALON - Duron', '', 1.00, 100, '2025-01-17 18:01:52', 16.00, 15.50, 999.00),
(511, 29, 53, 'ESMALTE AL HORNO 1/8 GALON - Duron', '', 1.00, 100, '2025-01-17 18:02:18', 9.00, 8.50, 999.00),
(512, 29, 53, 'ESMALTE AL HORNO 1/16 GALON - Duron', '', 1.00, 100, '2025-01-17 18:02:35', 6.00, 5.50, 999.00),
(513, 29, 53, 'ESMALTE AL HORNO 1/32 GALON - Duron', '', 1.00, 100, '2025-01-17 18:02:51', 5.00, 4.50, 999.00),
(514, 29, 26, 'BASE ZINCROMATO INDUSTRIAL 1/2 GALON - DURON', '', 1.00, 100, '2025-01-17 18:04:13', 30.00, 29.00, 999.00),
(515, 29, 26, 'BASE ZINCROMATO INDUSTRIAL 1/4 GALON - DURON', '', 1.00, 100, '2025-01-17 18:04:28', 16.00, 15.00, 999.00),
(516, 29, 26, 'BASE ZINCROMATO INDUSTRIAL 1/8 GALON - DURON', '', 1.00, 100, '2025-01-17 18:04:42', 8.00, 7.50, 999.00),
(517, 29, 26, 'BASE ZINCROMATO INDUSTRIAL 1/16 GALON - DURON', '', 1.00, 100, '2025-01-17 18:05:01', 6.50, 6.00, 999.00),
(518, 29, 26, 'BASE ZINCROMATO INDUSTRIAL 1/32 GALON - DURON', '', 1.00, 100, '2025-01-17 18:05:19', 5.00, 4.50, 999.00),
(519, 29, 26, 'REMOVEDOR DE PINTURA 1/2 GALON - DURON', '', 1.00, 100, '2025-01-17 18:14:48', 36.00, 35.00, 999.00),
(520, 29, 26, 'REMOVEDOR DE PINTURA 1/4 GALON - DURON', '', 1.00, 100, '2025-01-17 18:15:08', 20.00, 19.00, 999.00),
(521, 29, 26, 'REMOVEDOR DE PINTURA 1/8 GALON - DURON', '', 1.00, 96, '2025-01-17 18:15:22', 10.00, 9.50, 999.00),
(522, 29, 26, 'REMOVEDOR DE PINTURA 1/16 GALON - DURON', '', 1.00, 100, '2025-01-17 18:15:35', 6.00, 5.50, 999.00),
(523, 29, 26, 'REMOVEDOR DE PINTURA 1/32 GALON - DURON', '', 1.00, 100, '2025-01-17 18:15:51', 5.00, 4.50, 999.00),
(524, 31, 26, 'GLOSS  1/2 GALON - JHOMERON (MARRON/MAGENTA)', '', 1.00, 100, '2025-01-18 08:52:24', 43.50, 42.00, 999.00),
(525, 31, 26, 'GLOSS  1/4 GALON - JHOMERON (MARRON/MAGENTA)', '', 1.00, 100, '2025-01-18 08:52:54', 25.00, 23.00, 999.00),
(526, 31, 26, ' GLOSS  1/8 GALON - JHOMERON (MARRON/MAGENTA)', '', 1.00, 100, '2025-01-18 08:53:13', 14.00, 13.00, 999.00),
(527, 31, 26, 'GLOSS  1/16 GALON - JHOMERON (MARRON/MAGENTA)', '', 1.00, 100, '2025-01-18 08:53:47', 7.00, 6.00, 999.00),
(528, 31, 26, 'GLOSS 1/32 GALON - JHOMERON (MARRON/MAGENTA)', '', 1.00, 100, '2025-01-18 08:54:18', 5.00, 4.00, 999.00),
(532, 28, 32, 'SEALLER MATE 1/2 GALON - ANYPSA', '', 1.00, 100, '2025-01-18 09:02:13', 33.50, 33.00, 999.00),
(533, 28, 32, 'SEALLER MATE 1/4 GALON - ANYPSA', '', 1.00, 100, '2025-01-18 09:02:30', 17.50, 17.00, 999.00),
(534, 28, 32, 'SEALLER MATE 1/8 GALON - ANYPSA', '', 1.00, 100, '2025-01-18 09:02:56', 9.00, 8.50, 999.00),
(535, 28, 32, 'SEALLER MATE 1/16 GALON - ANYPSA', '', 1.00, 100, '2025-01-18 09:03:14', 5.00, 4.50, 999.00),
(536, 28, 26, 'SEALLER MATE 1/32 GALON - ANYPSA', '', 1.00, 200, '2025-01-18 09:03:41', 4.00, 3.50, 999.00),
(537, 35, 26, 'BASE X9 1 GALON - AUTOCAR', '', 73.00, 100, '2025-01-18 09:07:53', 88.00, 87.00, 348.00),
(538, 35, 26, 'BASE X9  1/2 GALON - AUTOCAR', '', 1.00, 100, '2025-01-18 09:08:16', 45.00, 44.00, 999.00),
(539, 35, 26, 'BASE X9 1/4 GALON - AUTOCAR', '', 1.00, 99, '2025-01-18 09:08:32', 23.00, 22.00, 999.00),
(540, 35, 26, 'BASE X9 1/8 GALON - AUTOCAR', '', 1.00, 100, '2025-01-18 09:08:50', 12.00, 11.50, 999.00),
(541, 35, 26, 'BASE X9 1/16 GALON - AUTOCAR', '', 1.00, 100, '2025-01-18 09:09:09', 7.00, 6.50, 999.00),
(542, 35, 26, 'BASE X9 1/32 GALON - AUTOCAR', '', 1.00, 100, '2025-01-18 09:09:25', 5.00, 4.50, 999.00),
(546, 25, 26, 'ESMALTE EPOXICO 1/2 GALON - TITANIC ', '', 1.00, 100, '2025-01-18 09:16:00', 55.00, 54.50, 999.00),
(547, 25, 53, 'ESMALTE EPOXICO 1/4 GALON - TITANIC ', '', 1.00, 100, '2025-01-18 09:16:23', 28.50, 28.00, 999.00),
(552, 25, 36, 'CUTER ECONOMICO ', '0.45 PRECIO COMPRA', 1.01, 80, '2025-01-18 09:26:43', 1.10, 1.02, 999.00),
(554, 34, 53, 'ESMALTE TRAFICO 1/2 GALON - EVERCORP', '', 100.00, 100, '2025-01-18 09:29:13', 110.00, 105.00, 200.00),
(555, 34, 53, '	ESMALTE TRAFICO 1/4 GALON - EVERCORP', '', 100.00, 100, '2025-01-18 09:29:35', 110.00, 105.00, 200.00),
(556, 34, 53, 'ESMALTE TRAFICO 1/8 GALON - EVERCORP', '', 100.00, 100, '2025-01-18 09:29:52', 110.00, 105.00, 200.00),
(557, 34, 53, 'ESMALTE TRAFICO 1/16 GALON - EVERCORP', '', 100.00, 100, '2025-01-18 09:30:58', 110.00, 105.00, 200.00),
(558, 34, 53, 'ESMALTE TRAFICO 1/32 GALON - EVERCORP', '', 100.00, 100, '2025-01-18 09:31:14', 110.00, 105.00, 200.00),
(559, 28, 46, '1 JUEGO BARNIZ DD - ANYPSA ', '', 210.00, 100, '2025-01-18 09:33:49', 270.00, 269.00, 999.00),
(560, 28, 46, 'BARNIZ DD (Parte A) - ANYPSA 1 GALON', '', 95.00, 100, '2025-01-18 09:36:48', 130.00, 129.00, 516.00),
(561, 35, 46, 'BARNIZ PREMIUM  (Ultra HS960) 1/2 GALON - AUTOCAR', '', 100.00, 100, '2025-01-18 09:42:50', 110.00, 105.00, 200.00),
(562, 35, 46, 'BARNIZ PREMIUM  (Ultra HS960) 1/4 GALON - AUTOCAR', '', 100.00, 100, '2025-01-18 09:43:04', 110.00, 105.00, 200.00),
(563, 35, 46, 'BARNIZ PREMIUM  (Ultra HS960) 1/8 GALON - AUTOCAR', '', 100.00, 100, '2025-01-18 09:43:20', 110.00, 105.00, 200.00),
(564, 35, 46, 'BARNIZ PREMIUM  (Ultra HS960) 1/16 GALON - AUTOCAR', '', 100.00, 100, '2025-01-18 09:43:33', 110.00, 105.00, 200.00),
(565, 35, 46, 'BARNIZ PREMIUM  (Ultra HS960) 1/32 GALON - AUTOCAR', '', 100.00, 100, '2025-01-18 09:43:49', 110.00, 105.00, 200.00),
(566, 28, 26, 'GLOSS MASTERGLOSS - 3T 1/16 GALON - ANYPSA', '', 1.00, 99, '2025-01-18 09:54:43', 6.00, 5.50, 999.00),
(567, 28, 26, 'GLOSS MASTERGLOSS - 3T 1/32 GALON - ANYPSA', '', 1.00, 100, '2025-01-18 09:54:57', 5.00, 4.50, 999.00),
(568, 64, 32, 'DULL SEALER 1/2 GALON - TEKNO', '', 1.00, 100, '2025-01-18 09:59:37', 50.00, 49.00, 999.00),
(569, 64, 32, 'DULL SEALER 1/4 GALON - TEKNO', '', 1.00, 97, '2025-01-18 10:00:07', 26.00, 25.00, 999.00),
(570, 64, 32, 'DULL SEALER 1/8 GALON - TEKNO', '', 1.00, 100, '2025-01-18 10:00:23', 14.00, 13.00, 999.00),
(571, 64, 32, 'LACA SATINADO (DULL SEALER) 1/16 GALON - TEKNO', '', 1.00, 100, '2025-01-18 10:00:52', 8.00, 7.00, 999.00),
(572, 64, 32, 'DULL SEALER 1/32 GALON - TEKNO', '', 1.00, 100, '2025-01-18 10:01:08', 7.00, 6.00, 999.00),
(573, 28, 46, 'BARNIZ PARA MADERA - 3T ANYPSA (1/4 GALON)', '', 1.00, 100, '2025-01-18 10:05:42', 18.00, 17.00, 999.00),
(574, 28, 46, 'BARNIZ PARA MADERA - 3T ANYPSA (1/8 GALON)', '', 1.00, 100, '2025-01-18 10:06:01', 9.00, 8.00, 999.00),
(575, 28, 46, 'BARNIZ PARA MADERA - 3T ANYPSA (1/16 GALON)', '', 1.00, 100, '2025-01-18 10:06:15', 6.00, 5.00, 999.00),
(576, 28, 46, 'BARNIZ PARA MADERA - MADERLIT (1/32 GALON) 3T', '', 1.00, 100, '2025-01-18 10:06:30', 5.00, 4.00, 999.00),
(578, 28, 36, 'MASILLA VELOZ FLEX - ANYPSA', '', 10.00, 99, '2025-01-18 11:13:14', 12.00, 11.00, 999.00),
(579, 28, 36, 'MASILLA BONFLEX - ANYPSA', '', 10.00, 93, '2025-01-18 11:13:57', 14.00, 13.00, 999.00),
(580, 25, 36, 'MASILLA STAR 3000 (900 g)- ROBERLO', '', 24.78, 100, '2025-01-18 11:14:44', 31.00, 30.00, 999.00),
(581, 71, 36, 'ENDURECEDOR FLEET COLOR - SHERWIN WILLIAMS', '', 100.00, 100, '2025-01-18 11:15:47', 110.00, 105.00, 200.00),
(582, 71, 36, 'THINNER PARA POLIESTER - SHERWIN WILLIAMS', '', 100.00, 100, '2025-01-18 11:16:58', 110.00, 105.00, 200.00),
(583, 51, 36, 'DESATORADOR PARA BAÑO - TOLBRIN (900 ML)', '', 6.50, 100, '2025-01-18 11:18:12', 12.00, 11.00, 999.00),
(584, 51, 36, 'DESATORADOR PARA COCINA - TOLBRIN', '', 6.50, 100, '2025-01-18 11:18:34', 12.00, 11.00, 999.00),
(585, 25, 10, 'PARAFINICO - San Sebastian 1 GALON ', '', 41.00, 100, '2025-01-18 11:44:24', 51.00, 50.00, 999.00),
(586, 63, 10, ' PARAFINICO - CYKROM 1 GALON', '', 38.50, 80, '2025-01-18 11:46:05', 45.00, 44.00, 176.00),
(587, 28, 26, 'GLOSS X3 (MATIZADOS) 1 GALON - Anypsa', '', 100.00, 100, '2025-01-18 11:52:42', 110.00, 105.00, 200.00),
(588, 28, 26, 'GLOSS X3 (MATIZADOS) 1/2 GALON - Anypsa', '', 100.00, 100, '2025-01-18 11:53:14', 110.00, 105.00, 200.00),
(589, 28, 26, 'GLOSS X3 (MATIZADOS) 1/4 GALON - Anypsa', '', 100.00, 100, '2025-01-18 11:53:38', 110.00, 105.00, 200.00),
(590, 28, 26, 'GLOSS X3 (MATIZADOS) 1/8 GALON - Anypsa', '', 100.00, 100, '2025-01-18 11:54:02', 110.00, 105.00, 200.00),
(591, 28, 26, 'GLOSS X3 (MATIZADOS) 1/16 GALON - Anypsa', '', 100.00, 100, '2025-01-18 11:54:45', 110.00, 105.00, 200.00),
(592, 28, 26, 'GLOSS X3 (MATIZADOS) 1/32 GALON - Anypsa', '', 100.00, 100, '2025-01-18 11:54:58', 110.00, 105.00, 200.00),
(593, 41, 26, 'FONDO LIJABLE (DD B)1 GALON - CHEMISA', '', 72.50, 100, '2025-01-18 11:56:17', 87.50, 87.00, 999.00),
(594, 41, 26, 'FONDO LIJABLE (DD B)1/2 GALON - CHEMISA', '', 1.00, 100, '2025-01-18 11:56:33', 45.00, 44.00, 999.00),
(595, 41, 26, 'FONDO LIJABLE (DD B)1/4 GALON - CHEMISA', '', 1.00, 100, '2025-01-18 11:56:50', 23.50, 22.50, 999.00),
(598, 28, 26, 'CATALIZADOR EPOXICO 1 GALON - TITANIC', '', 1.00, 100, '2025-01-18 12:00:49', 108.50, 108.00, 999.00),
(599, 28, 26, 'CATALIZADOR EPOXICO 1/2 GALON - TITANIC', '', 1.00, 100, '2025-01-18 12:01:30', 55.50, 55.00, 999.00),
(600, 25, 26, '1 JUEGO BASE EPOXICO TITANIC', '', 215.00, 100, '2025-01-18 12:04:14', 255.00, 250.00, 999.00),
(602, 41, 26, '1 JUEGO FONDO LIJABLE - CHEMISA ', '', 175.00, 100, '2025-01-18 12:06:11', 215.00, 213.00, 999.00),
(603, 38, 26, 'ALQUITRAN - DERQUSA 1 GALON', '', 14.00, 100, '2025-01-18 12:07:46', 28.00, 26.00, 999.00),
(604, 27, 34, 'COLA EXTRA - LOSARO', '', 29.00, 102, '2025-01-18 12:09:55', 39.00, 37.00, 148.00),
(605, 27, 26, 'GLOSS (MATIZADO) 1 GALON- LOSARO', '', 58.00, 98, '2025-01-18 12:21:55', 78.00, 77.00, 308.00),
(606, 27, 26, 'GLOSS (MATIZADO) 1/2 GALON- LOSARO', '', 1.00, 99, '2025-01-18 12:23:32', 40.00, 39.00, 999.00),
(607, 27, 26, 'GLOSS (MATIZADO) 1/4 GALON- LOSARO', '', 1.00, 97, '2025-01-18 12:24:00', 20.00, 19.50, 999.00),
(608, 27, 26, 'GLOSS (MATIZADO) 1/8 GALON- LOSARO', '', 1.00, 100, '2025-01-18 12:24:17', 10.00, 9.50, 999.00),
(609, 27, 26, 'GLOSS (MATIZADO) 1/16 GALON- LOSARO', '', 1.00, 100, '2025-01-18 12:24:33', 7.00, 6.50, 999.00),
(610, 27, 46, 'BARNIZ PARA MADERA TRANSPARENTE 1 GALON - LOSARO', '', 44.80, 99, '2025-01-18 12:28:54', 65.00, 62.00, 248.00),
(611, 27, 26, 'BASE AL ACEITE 1 GALON - LOSARO', '', 44.00, 100, '2025-01-18 12:40:56', 58.00, 56.00, 224.00),
(612, 27, 26, '1 GALON DE GLOSS MAGENTA - LOSARO', '', 65.00, 100, '2025-01-18 12:42:26', 80.00, 78.00, 312.00),
(613, 33, 26, 'GLOSS 1 /2 GALON- LOSARO	', '', 1.00, 100, '2025-01-18 12:44:15', 38.00, 37.00, 999.00),
(614, 27, 26, 'GLOSS 1/4 GALON- LOSARO	', '', 1.00, 100, '2025-01-18 12:44:33', 20.00, 19.00, 999.00),
(615, 27, 26, 'GLOSS 1/8 GALON- LOSARO', '', 1.00, 100, '2025-01-18 12:51:09', 10.00, 9.50, 999.00),
(616, 27, 26, 'GLOSS 1/16 GALON- LOSARO', '', 1.00, 100, '2025-01-18 12:51:25', 7.00, 6.50, 999.00),
(617, 27, 26, 'GLOSS 1/32 GALON- LOSARO', '', 1.00, 99, '2025-01-18 12:51:43', 5.00, 4.50, 999.00),
(618, 27, 26, 'GLOSS (MATIZADO) 1/32 GALON- LOSARO', '', 1.00, 100, '2025-01-18 12:53:33', 5.00, 4.50, 999.00),
(619, 27, 46, 'BARNIZ PARA MADERA TRANSPARENTE 1/2 GALON - LOSARO', '', 100.00, 100, '2025-01-18 12:54:15', 110.00, 105.00, 200.00),
(620, 27, 26, 'BASE AL ACEITE 1/2 GALON - LOSARO', '', 1.00, 100, '2025-01-20 09:25:49', 30.00, 29.50, 999.00),
(621, 27, 26, 'BASE AL ACEITE 1/4 GALON - LOSARO', '', 1.00, 100, '2025-01-20 09:26:26', 16.00, 15.00, 999.00),
(622, 27, 26, 'BASE AL ACEITE 1/8 GALON - LOSARO', '', 1.00, 100, '2025-01-20 09:26:40', 8.00, 7.00, 999.00),
(623, 27, 26, 'BASE AL ACEITE 1/16 GALON - LOSARO', '', 1.00, 99, '2025-01-20 09:26:53', 6.00, 5.50, 999.00),
(624, 27, 26, 'BASE AL ACEITE 1/32 GALON - LOSARO', '', 1.00, 100, '2025-01-20 09:27:08', 5.00, 4.50, 999.00),
(625, 28, 26, '1 JUEGO ETCHING PRIMER - ANYPSA', '', 165.00, 99, '2025-01-20 10:09:28', 220.00, 210.00, 840.00),
(626, 28, 26, '1/2 JUEGO ETCHING PRIMER - ANYPSA ', '', 1.00, 100, '2025-01-20 10:10:49', 115.00, 113.00, 999.00),
(627, 28, 26, '1/4 JUEGO ETCHING PRIMER - ANYPSA', '', 1.00, 100, '2025-01-20 10:11:12', 58.50, 57.50, 999.00),
(628, 28, 26, '1/8 JUEGO ETCHING PRIMER - ANYPSA', '', 1.00, 100, '2025-01-20 10:12:36', 30.00, 29.50, 999.00),
(629, 28, 26, '1/16 JUEGO ETCHING PRIMER - ANYPSA ', '', 1.00, 100, '2025-01-20 10:13:25', 16.00, 15.50, 999.00),
(630, 28, 26, '1/32 JUEGO ETCHING PRIMER - ANYPSA', '', 1.00, 100, '2025-01-20 10:14:05', 10.00, 9.50, 999.00),
(631, 28, 46, 'BARNIZ DD (Parte A) - ANYPSA 1/2 GALON', '', 1.00, 100, '2025-01-20 10:16:20', 68.00, 67.50, 999.00),
(632, 28, 46, 'BARNIZ DD (Parte A) - ANYPSA 1/4 GALON', '', 1.00, 100, '2025-01-20 10:16:44', 35.00, 34.50, 999.00),
(633, 28, 46, 'BARNIZ DD (Parte A) - ANYPSA 1/8 GALON', '', 1.00, 100, '2025-01-20 10:17:03', 18.50, 18.00, 999.00),
(634, 28, 46, 'BARNIZ DD (Parte A) - ANYPSA 1/16 GALON', '', 1.00, 100, '2025-01-20 10:17:22', 9.50, 9.00, 999.00),
(635, 28, 46, 'BARNIZ DD (Parte A) - ANYPSA 1/32 GALON', '', 1.00, 100, '2025-01-20 10:17:51', 7.50, 7.00, 999.00),
(636, 28, 46, 'BARNIZ DD (Parte B) - ANYPSA 1/2 GALON', '', 1.00, 99, '2025-01-20 10:19:39', 50.00, 49.00, 999.00),
(637, 28, 46, 'BARNIZ DD (Parte B) - ANYPSA 1/4 GALON', '', 1.00, 98, '2025-01-20 10:20:02', 25.00, 24.50, 999.00),
(638, 28, 46, 'BARNIZ DD (Parte B) - ANYPSA 1/8 GALON', '', 1.00, 100, '2025-01-20 10:20:27', 14.00, 13.00, 999.00),
(639, 28, 46, 'BARNIZ DD (Parte B) - ANYPSA 1/16 GALON', '', 1.00, 100, '2025-01-20 10:21:28', 8.00, 7.00, 999.00),
(640, 28, 46, 'BARNIZ DD (Parte B) - ANYPSA 1/32 GALON', '', 1.00, 99, '2025-01-20 10:21:46', 6.00, 5.50, 999.00),
(641, 28, 47, 'DISOLVENTE DD (LATA)- ANYPSA 1 GALON', '', 45.00, 100, '2025-01-20 10:25:34', 62.00, 61.00, 244.00),
(642, 28, 47, 'DISOLVENTE DD (LATA)- ANYPSA 1/2 GALON', '', 1.00, 100, '2025-01-20 10:26:27', 32.00, 31.00, 999.00),
(643, 28, 47, 'DISOLVENTE DD (LATA)- ANYPSA 1/4 GALON', '', 1.00, 100, '2025-01-20 10:26:57', 16.00, 15.50, 999.00),
(644, 28, 47, 'DISOLVENTE DD (LATA)- ANYPSA 1/8 GALON', '', 1.00, 100, '2025-01-20 10:27:15', 8.00, 7.50, 999.00),
(645, 28, 47, 'DISOLVENTE DD (LATA)- ANYPSA 1/16 GALON', '', 1.00, 99, '2025-01-20 10:27:44', 6.00, 5.50, 999.00),
(646, 28, 47, 'DISOLVENTE DD (LATA)- ANYPSA 1/32 GALON', '', 1.00, 100, '2025-01-20 10:28:05', 5.00, 4.50, 999.00),
(647, 28, 47, 'DISOLVENTE DD (GALONERA)- ANYPSA 1 GALON', '', 32.00, 100, '2025-01-20 10:29:03', 48.00, 47.00, 282.00),
(648, 28, 47, 'DISOLVENTE DD (GALONERA)- ANYPSA 1/2 GALON', '', 1.00, 100, '2025-01-20 10:29:23', 25.00, 24.50, 999.00),
(649, 28, 47, 'DISOLVENTE DD (GALONERA)- ANYPSA 1/4 GALON', '', 1.00, 100, '2025-01-20 10:29:42', 13.00, 12.50, 999.00),
(650, 28, 47, 'DISOLVENTE DD (GALONERA)- ANYPSA 1/8 GALON', '', 1.00, 100, '2025-01-20 10:30:06', 7.00, 6.50, 999.00),
(651, 28, 47, 'DISOLVENTE DD (GALONERA)- ANYPSA 1/16 GALON', '', 1.00, 100, '2025-01-20 10:30:28', 4.50, 4.00, 999.00),
(652, 28, 47, 'DISOLVENTE DD (GALONERA)- ANYPSA 1/32 GALON', '', 1.00, 100, '2025-01-20 10:30:48', 4.00, 3.50, 999.00),
(653, 32, 46, 'BARNIZ MARINO (TRANSPARENTE) - PARACAS 1 GALON', '', 56.91, 100, '2025-01-20 10:34:55', 77.00, 76.00, 304.00),
(654, 32, 46, 'BARNIZ MARINO (TRANSPARENTE) - PARACAS 1/2 GALON', '', 1.00, 100, '2025-01-20 10:35:18', 39.50, 39.00, 999.00),
(655, 32, 46, 'BARNIZ MARINO (TRANSPARENTE) - PARACAS 1/4 GALON', '', 1.00, 100, '2025-01-20 10:35:40', 20.00, 19.50, 999.00),
(656, 32, 46, 'BARNIZ MARINO (TRANSPARENTE) - PARACAS 1/8 GALON', '', 1.00, 100, '2025-01-20 10:36:46', 12.00, 11.00, 999.00),
(657, 32, 46, 'BARNIZ MARINO (TRANSPARENTE) - PARACAS 1/16 GALON', '', 1.00, 100, '2025-01-20 10:37:16', 7.00, 6.50, 999.00),
(658, 32, 46, 'BARNIZ MARINO (TRANSPARENTE) - PARACAS 1/32 GALON', '', 1.00, 100, '2025-01-20 10:37:38', 5.50, 5.00, 999.00),
(659, 32, 26, 'BASE PIROXILINA BLANCA - PARACAS 1 GALON', '', 57.00, 100, '2025-01-20 10:45:02', 75.00, 73.00, 292.00),
(660, 32, 26, 'BASE PIROXILINA BLANCA - PARACAS 1/2 GALON', '', 1.00, 100, '2025-01-20 10:46:00', 38.50, 38.00, 999.00),
(661, 32, 26, 'BASE PIROXILINA BLANCA - PARACAS 1/4 GALON', '', 1.00, 100, '2025-01-20 10:46:22', 19.50, 19.00, 999.00),
(662, 32, 26, 'BASE PIROXILINA BLANCA - PARACAS 1/8 GALON', '', 1.00, 100, '2025-01-20 10:46:45', 10.00, 9.50, 999.00),
(663, 32, 26, 'BASE PIROXILINA BLANCA - PARACAS 1/16 GALON', '', 1.00, 100, '2025-01-20 10:47:03', 7.00, 6.50, 999.00),
(664, 32, 26, 'BASE PIROXILINA BLANCA - PARACAS 1/32 GALON', '', 1.00, 100, '2025-01-20 10:47:29', 5.00, 4.50, 999.00),
(665, 32, 32, 'LACA CRISTAL - PARACAS 1 GALON', '', 55.00, 100, '2025-01-20 10:49:31', 70.00, 68.00, 272.00),
(666, 32, 32, 'LACA CRISTAL - PARACAS 1/2 GALON', '', 1.00, 100, '2025-01-20 10:49:54', 36.00, 35.00, 999.00),
(667, 32, 32, 'LACA CRISTAL - PARACAS 1/4 GALON', '', 1.00, 100, '2025-01-20 10:50:14', 19.00, 18.50, 999.00),
(668, 32, 32, 'LACA CRISTAL - PARACAS 1/8 GALON', '', 1.00, 100, '2025-01-20 10:50:36', 10.00, 9.50, 999.00),
(669, 32, 32, 'LACA CRISTAL - PARACAS 1/16 GALON', '', 1.00, 100, '2025-01-20 10:51:00', 7.00, 6.50, 999.00),
(670, 32, 32, 'LACA CRISTAL - PARACAS 1/32 GALON', '', 1.00, 100, '2025-01-20 10:51:48', 5.00, 4.50, 999.00),
(671, 32, 32, 'LACA SELLAMATE - PARACAS 1 GALON', '', 57.50, 99, '2025-01-20 10:53:09', 73.00, 72.00, 288.00),
(672, 32, 32, 'LACA SELLAMATE - PARACAS 1/2 GALON', '', 1.00, 99, '2025-01-20 10:53:29', 37.50, 37.00, 999.00),
(673, 32, 32, 'LACA SELLAMATE - PARACAS 1/4 GALON', '', 1.00, 100, '2025-01-20 10:54:36', 19.50, 19.00, 999.00),
(674, 32, 32, 'LACA SELLAMATE - PARACAS 1/8 GALON', '', 1.00, 99, '2025-01-20 10:55:23', 10.00, 9.50, 999.00),
(675, 32, 32, 'LACA SELLAMATE - PARACAS 1/16 GALON', '', 1.00, 99, '2025-01-20 10:55:59', 7.00, 6.50, 999.00),
(676, 32, 32, 'LACA SELLAMATE - PARACAS 1/32 GALON', '', 1.00, 100, '2025-01-20 10:56:14', 5.00, 4.50, 999.00),
(677, 28, 26, 'GLOSS X3 COLORES - ANYPSA 1 GALON', '', 65.00, 100, '2025-01-20 11:00:25', 74.00, 73.00, 292.00),
(678, 28, 26, 'GLOSS X3 COLORES - ANYPSA 1/2 GALON', '', 1.00, 100, '2025-01-20 11:00:52', 38.50, 38.00, 999.00),
(679, 28, 26, 'GLOSS X3 COLORES - ANYPSA 1/4 GALON', '', 1.00, 100, '2025-01-20 11:01:16', 20.00, 19.50, 999.00),
(680, 28, 26, 'GLOSS X3 COLORES - ANYPSA 1/8 GALON', '', 1.00, 100, '2025-01-20 11:01:34', 10.00, 9.50, 999.00),
(681, 28, 26, 'GLOSS X3 COLORES - ANYPSA 1/16 GALON', '', 1.00, 100, '2025-01-20 11:02:16', 6.00, 5.50, 999.00),
(682, 28, 26, 'GLOSS X3 COLORES - ANYPSA 1/32 GALON', '', 1.00, 100, '2025-01-20 11:02:47', 5.00, 4.50, 999.00),
(683, 27, 26, 'BASE ZINCROMATO 1/2 GALON - LOSARO', '', 1.00, 100, '2025-01-20 11:30:37', 30.00, 29.00, 999.00),
(684, 27, 26, 'BASE ZINCROMATO 1/4 GALON - LOSARO', '', 1.00, 99, '2025-01-20 11:30:53', 16.00, 15.00, 999.00),
(685, 27, 26, 'BASE ZINCROMATO 1/8 GALON - LOSARO', '', 1.00, 100, '2025-01-20 11:31:10', 8.00, 7.50, 999.00),
(686, 27, 26, 'BASE ZINCROMATO 1/16 GALON - LOSARO', '', 1.00, 100, '2025-01-20 11:31:26', 6.00, 5.50, 999.00),
(687, 27, 26, 'BASE ZINCROMATO 1/32 GALON - LOSARO', '', 1.00, 100, '2025-01-20 11:31:45', 5.00, 4.50, 999.00),
(688, 41, 26, 'ACRILICO CHEMISA (BLANCO/NEGRO) - 1 GALON', '', 75.00, 100, '2025-01-20 11:42:34', 95.00, 94.00, 376.00),
(689, 41, 26, 'ACRILICO CHEMISA (COLORES) - 1 GALON	', '', 85.00, 100, '2025-01-20 11:43:35', 105.00, 104.00, 416.00),
(690, 41, 10, 'PARAFINICO - Chemisa 1/2 GALON', '', 1.00, 100, '2025-01-20 11:49:09', 30.00, 29.50, 999.00),
(691, 41, 10, 'PARAFINICO - Chemisa 1/4 GALON', '', 1.00, 100, '2025-01-20 11:50:01', 15.00, 14.50, 999.00),
(692, 41, 10, 'PARAFINICO - Chemisa 1/8 GALON', '', 1.00, 100, '2025-01-20 11:50:28', 8.00, 7.50, 999.00),
(693, 41, 10, 'PARAFINICO - Chemisa 1/16 GALON', '', 1.00, 100, '2025-01-20 11:51:02', 6.00, 5.50, 999.00),
(694, 41, 10, 'PARAFINICO - Chemisa 1/32 GALON', '', 1.00, 100, '2025-01-20 11:51:16', 5.00, 4.50, 999.00),
(695, 25, 10, 'PARAFINICO - San Sebastian 1/2 GALON ', '', 1.00, 100, '2025-01-20 11:54:47', 30.00, 29.50, 999.00),
(696, 25, 10, 'PARAFINICO - San Sebastian 1/4 GALON ', '', 1.00, 100, '2025-01-20 11:55:14', 15.00, 14.50, 999.00),
(697, 25, 10, 'PARAFINICO - San Sebastian 1/8 GALON ', '', 1.00, 99, '2025-01-20 11:55:52', 8.00, 7.50, 999.00),
(698, 25, 10, 'PARAFINICO - San Sebastian 1/16 GALON ', '', 1.00, 100, '2025-01-20 11:56:07', 6.00, 5.50, 999.00),
(699, 25, 10, 'PARAFINICO - San Sebastian 1/32 GALON ', '', 1.00, 100, '2025-01-20 11:56:37', 5.00, 4.50, 999.00),
(700, 28, 53, 'ESMALTE AL HORNO 1 GALON - ANYPSA', '', 55.00, 100, '2025-01-20 11:59:13', 90.00, 89.00, 356.00),
(701, 28, 10, 'ESMALTE AL HORNO 1/2 GALON - ANYPSA', '', 1.00, 100, '2025-01-20 11:59:35', 45.00, 44.00, 999.00),
(702, 28, 10, 'ESMALTE AL HORNO 1/4 GALON - ANYPSA', '', 1.00, 100, '2025-01-20 11:59:52', 24.00, 23.00, 999.00),
(703, 28, 10, 'ESMALTE AL HORNO 1/8 GALON - ANYPSA', '', 1.00, 100, '2025-01-20 12:00:11', 12.00, 11.00, 999.00),
(704, 28, 53, 'ESMALTE AL HORNO 1/16 GALON - ANYPSA', '', 1.00, 100, '2025-01-20 12:00:35', 8.00, 7.00, 999.00),
(705, 28, 10, 'ESMALTE AL HORNO 1/32 GALON - ANYPSA', '', 1.00, 100, '2025-01-20 12:00:55', 6.00, 5.00, 999.00),
(706, 31, 32, 'ACRILICO - JHOMERON (NEGRO INTENSO) 1 GALON', '', 87.00, 100, '2025-01-20 12:03:27', 110.00, 109.00, 999.00),
(707, 31, 32, 'ACRILICO TINTE - JHOMERON 1 GALON', '', 79.00, 100, '2025-01-20 12:04:24', 95.00, 94.00, 999.00),
(708, 28, 10, 'BICAPA ACRILICO - ANYPSA 1 GALON', '', 85.00, 100, '2025-01-20 12:05:43', 105.00, 104.00, 999.00),
(709, 28, 10, 'BICAPA ACRILICO - ANYPSA 1/2 GALON', '', 1.00, 100, '2025-01-20 12:06:30', 55.00, 54.00, 999.00),
(710, 28, 10, 'BICAPA ACRILICO - ANYPSA 1/4 GALON', '', 1.00, 99, '2025-01-20 12:06:48', 28.00, 27.00, 999.00),
(711, 28, 10, 'BICAPA ACRILICO - ANYPSA 1/8 GALON', '', 1.00, 98, '2025-01-20 12:07:03', 14.00, 13.00, 999.00),
(712, 28, 10, 'BICAPA ACRILICO - ANYPSA 1/16 GALON', '', 1.00, 100, '2025-01-20 12:07:22', 8.00, 7.00, 999.00),
(713, 28, 10, 'BICAPA ACRILICO - ANYPSA 1/32 GALON', '', 1.00, 100, '2025-01-20 12:07:36', 6.00, 5.00, 999.00),
(714, 28, 10, 'ACRILICO X6000 (BLANCO/NEGRO) - ANYPSA 1 GALON', '', 88.00, 99, '2025-01-20 12:10:02', 95.00, 94.00, 376.00),
(715, 28, 10, 'ACRILICO X6000 (BLANCO/NEGRO) - ANYPSA 1/2 GALON', '', 1.00, 100, '2025-01-20 12:10:18', 49.00, 48.50, 999.00),
(716, 28, 10, 'ACRILICO X6000 (BLANCO/NEGRO) - ANYPSA 1/4 GALON', '', 1.00, 98, '2025-01-20 12:10:34', 25.00, 24.50, 999.00),
(717, 28, 10, 'ACRILICO X6000 (BLANCO/NEGRO) - ANYPSA 1/8 GALON', '', 1.00, 99, '2025-01-20 12:10:49', 13.00, 12.50, 999.00),
(718, 28, 10, 'ACRILICO X6000 (BLANCO/NEGRO) - ANYPSA 1/16 GALON', '', 1.00, 100, '2025-01-20 12:11:06', 8.00, 7.50, 999.00),
(719, 28, 10, 'ACRILICO X6000 (BLANCO/NEGRO) - ANYPSA 1/32 GALON', '', 1.00, 99, '2025-01-20 12:11:27', 6.00, 5.50, 999.00),
(720, 28, 10, 'ACRILICO X6000 (COLORES) - ANYPSA 1 GALON', '', 91.00, 100, '2025-01-20 12:12:15', 115.00, 114.00, 456.00);
INSERT INTO `tb_producto` (`idProducto`, `idMarca`, `idTipoProducto`, `nombreProducto`, `descripciónProducto`, `precioCompra`, `stock`, `update_adt`, `precioNormal`, `precioMinimo`, `precioPaquete`) VALUES
(721, 28, 10, 'ACRILICO X6000 (COLORES) - ANYPSA 1/2 GALON', '', 1.00, 100, '2025-01-20 12:12:37', 58.50, 58.00, 999.00),
(722, 28, 10, 'ACRILICO X6000 (COLORES) - ANYPSA 1/4 GALON', '', 1.00, 100, '2025-01-20 12:13:00', 29.50, 29.00, 999.00),
(723, 28, 10, 'ACRILICO X6000 (COLORES) - ANYPSA 1/8 GALON', '', 1.00, 98, '2025-01-20 12:13:18', 15.00, 14.50, 999.00),
(724, 28, 10, 'ACRILICO X6000 (COLORES) - ANYPSA 1/16 GALON', '', 1.00, 100, '2025-01-20 12:13:32', 8.00, 7.50, 999.00),
(725, 28, 10, 'ACRILICO X6000 (COLORES) - ANYPSA 1/32 GALON', '', 1.00, 100, '2025-01-20 12:13:46', 6.00, 5.50, 999.00),
(726, 28, 10, 'ACRILICO X6000 (SIENA QUEMADA) - ANYPSA 1 GALON', '', 90.00, 100, '2025-01-20 12:15:00', 105.00, 104.00, 999.00),
(727, 31, 39, 'MASILLA AUTOMOTRIZ FX300 - JHOMERON 1/2 GALON', '', 1.00, 100, '2025-01-20 12:19:11', 50.00, 49.50, 999.00),
(729, 31, 39, 'MASILLA AUTOMOTRIZ FX300 - JHOMERON 1/4 GALON', '', 1.00, 100, '2025-01-20 12:20:26', 26.00, 25.50, 999.00),
(730, 31, 10, 'MASILLA AUTOMOTRIZ FX300 - JHOMERON 1/8 GALON', '', 1.00, 100, '2025-01-20 12:20:49', 13.50, 13.00, 999.00),
(731, 31, 39, 'MASILLA AUTOMOTRIZ FX300 - JHOMERON 1/16 GALON', '', 1.00, 100, '2025-01-20 12:21:14', 7.00, 6.50, 999.00),
(732, 31, 39, 'MASILLA AUTOMOTRIZ FX300 - JHOMERON 1/32 GALON', '', 1.00, 100, '2025-01-20 12:21:32', 5.00, 4.50, 999.00),
(733, 31, 10, 'CATALIZADOR POLIURETANO - JHOMERON 1/2 GALON', '', 1.00, 100, '2025-01-20 12:23:58', 80.00, 79.00, 999.00),
(734, 31, 10, 'CATALIZADOR POLIURETANO - JHOMERON 1/4 GALON', '', 1.00, 100, '2025-01-20 12:24:20', 40.00, 39.00, 999.00),
(735, 31, 10, 'CATALIZADOR POLIURETANO - JHOMERON 1/8 GALON', '', 1.00, 100, '2025-01-20 12:24:40', 20.00, 19.00, 999.00),
(736, 31, 10, 'CATALIZADOR POLIURETANO - JHOMERON 1/16 GALON', '', 1.00, 100, '2025-01-20 12:25:14', 10.00, 9.50, 999.00),
(737, 31, 10, 'CATALIZADOR POLIURETANO - JHOMERON 1/32 GALON', '', 1.00, 100, '2025-01-20 12:25:30', 5.00, 4.50, 999.00),
(738, 35, 46, 'ULTRA BARNIZ PROFESIONAL HS990 - AUTOCAR 1 GALON', '', 95.00, 100, '2025-01-20 12:31:25', 160.00, 158.00, 63.00),
(739, 35, 46, 'ULTRA BARNIZ PROFESIONAL HS990 - AUTOCAR 1/2 GALON', '', 1.00, 100, '2025-01-20 12:32:01', 80.00, 79.00, 999.00),
(740, 35, 46, 'ULTRA BARNIZ PROFESIONAL HS990 - AUTOCAR 1/4 GALON', '', 1.00, 100, '2025-01-20 12:32:22', 40.00, 39.00, 999.00),
(741, 35, 10, 'ULTRA BARNIZ PROFESIONAL HS990 - AUTOCAR 1/8 GALON', '', 1.00, 100, '2025-01-20 12:33:38', 20.00, 19.50, 999.00),
(742, 35, 10, 'ULTRA BARNIZ PROFESIONAL HS990-AUTOCAR 1/16 GALON', '', 1.00, 100, '2025-01-20 12:34:06', 10.00, 9.50, 999.00),
(743, 35, 10, 'ULTRA BARNIZ PROFESIONAL HS990-AUTOCAR 1/32 GALO', '', 1.00, 100, '2025-01-20 12:34:22', 5.00, 4.50, 999.00),
(744, 28, 39, 'MASILLA AUTOMOTRIZ X4 - ANYPSA 1 GALON', '', 70.00, 100, '2025-01-20 12:37:42', 85.00, 84.00, 336.00),
(745, 28, 39, 'MASILLA AUTOMOTRIZ X4 - ANYPSA 1/2 GALON', '', 1.00, 100, '2025-01-20 12:38:01', 44.00, 43.00, 999.00),
(746, 28, 39, 'MASILLA AUTOMOTRIZ X4 - ANYPSA 1/4 GALON', '', 1.00, 100, '2025-01-20 12:38:21', 24.00, 23.00, 999.00),
(747, 28, 39, 'MASILLA AUTOMOTRIZ X4 - ANYPSA 1/8 GALON', '', 1.00, 100, '2025-01-20 12:38:44', 12.00, 11.00, 999.00),
(748, 28, 39, 'MASILLA AUTOMOTRIZ X4 - ANYPSA 1/16 GALON', '', 1.00, 99, '2025-01-20 12:39:09', 6.00, 5.50, 999.00),
(749, 28, 39, 'MASILLA AUTOMOTRIZ X4 - ANYPSA 1/32 GALON', '', 1.00, 100, '2025-01-20 12:39:32', 5.00, 4.50, 999.00),
(750, 28, 39, 'MASILLA ROVER FLEX - ANYPSA', '', 8.00, 96, '2025-01-20 12:40:44', 10.00, 9.00, 999.00),
(751, 30, 27, 'THINNER EXTRA - ISSA 1 GALON', '', 24.00, 100, '2025-01-20 15:47:38', 40.00, 39.00, 234.00),
(752, 30, 27, 'THINNER EXTRA - ISSA 1/2 GALON', '', 1.00, 99, '2025-01-20 15:48:05', 22.00, 21.00, 999.00),
(753, 30, 27, 'THINNER EXTRA - ISSA 1/4 GALON', '', 1.00, 100, '2025-01-20 15:48:20', 12.00, 11.00, 999.00),
(754, 30, 27, 'THINNER EXTRA - ISSA 1/8 GALON', '', 1.00, 100, '2025-01-20 15:48:43', 7.00, 6.50, 999.00),
(755, 30, 27, 'THINNER EXTRA - ISSA 1/16 GALON', '', 1.00, 100, '2025-01-20 15:49:16', 5.00, 4.50, 999.00),
(756, 30, 27, 'THINNER EXTRA - ISSA 1/32 GALON', '', 1.00, 100, '2025-01-20 15:49:31', 4.00, 3.50, 999.00),
(757, 28, 27, 'THINNER ORO EXTRA ACRILICO - ANYPSA 1/2 GALON', '', 1.00, 99, '2025-01-20 15:52:13', 20.00, 19.00, 999.00),
(758, 28, 27, 'THINNER ORO EXTRA ACRILICO - ANYPSA 1/4 GALON', '', 1.00, 100, '2025-01-20 15:52:50', 11.00, 10.00, 999.00),
(759, 28, 27, 'THINNER ORO EXTRA ACRILICO - ANYPSA 1/8 GALON', '', 1.00, 99, '2025-01-20 15:53:30', 6.00, 5.00, 999.00),
(760, 28, 27, 'THINNER ORO EXTRA ACRILICO - ANYPSA 1/16 GALON', '', 1.00, 100, '2025-01-20 15:54:21', 4.00, 3.80, 999.00),
(761, 28, 10, 'THINNER ORO EXTRA ACRILICO - ANYPSA 1/32 GALON', '', 1.00, 100, '2025-01-20 15:55:09', 3.50, 3.30, 999.00),
(762, 35, 27, 'REDUCTOR 15000 - AUTOCAR - 1/2 GALON', '', 1.00, 100, '2025-01-20 15:57:31', 28.00, 27.00, 999.00),
(763, 35, 27, 'REDUCTOR 15000 - AUTOCAR - 1/4 GALON', '', 1.00, 100, '2025-01-20 15:57:54', 14.00, 13.50, 999.00),
(764, 35, 27, 'REDUCTOR 15000 - AUTOCAR - 1/8 GALON', '', 1.00, 100, '2025-01-20 15:58:20', 7.00, 6.50, 999.00),
(765, 35, 27, 'REDUCTOR 15000 - AUTOCAR - 1/16 GALON', '', 1.00, 100, '2025-01-20 15:59:01', 6.00, 5.00, 999.00),
(766, 35, 27, 'REDUCTOR 15000 - AUTOCAR - 1/32 GALON', '', 1.00, 100, '2025-01-20 15:59:31', 4.50, 4.00, 999.00),
(767, 30, 10, 'LACQUER FLOOR - ISSA - 1/2 GALON', '', 1.00, 99, '2025-01-20 16:04:30', 24.00, 23.00, 999.00),
(768, 30, 10, 'LACQUER FLOOR - ISSA - 1/4 GALON', '', 1.00, 100, '2025-01-20 16:04:55', 12.00, 11.00, 999.00),
(769, 30, 10, 'LACQUER FLOOR - ISSA - 1/8 GALON', '', 1.00, 100, '2025-01-20 16:05:09', 7.00, 6.50, 999.00),
(770, 30, 10, 'LACQUER FLOOR - ISSA - 1/16 GALON', '', 1.00, 100, '2025-01-20 16:05:42', 4.50, 4.00, 999.00),
(771, 30, 10, 'LACQUER FLOOR - ISSA - 1/32 GALON', '', 1.00, 100, '2025-01-20 16:06:12', 3.50, 3.00, 999.00),
(772, 30, 47, 'DISOLVENTE DD - ISSA 1/2 GALON', '', 1.00, 100, '2025-01-20 16:09:01', 18.50, 18.00, 999.00),
(773, 30, 47, 'DISOLVENTE DD - ISSA 1/4 GALON', '', 1.00, 100, '2025-01-20 16:09:19', 9.50, 9.00, 999.00),
(774, 30, 47, 'DISOLVENTE DD - ISSA 1/8 GALON', '', 1.00, 100, '2025-01-20 16:10:39', 6.00, 5.00, 999.00),
(775, 30, 47, 'DISOLVENTE DD - ISSA 1/16 GALON', '', 1.00, 99, '2025-01-20 16:10:57', 4.00, 3.50, 999.00),
(776, 30, 47, 'DISOLVENTE DD - ISSA 1/32 GALON', '', 1.00, 100, '2025-01-20 16:11:15', 3.00, 2.50, 999.00),
(777, 63, 10, 'RETARDADOR CYKROM - 1/2 GALON', '', 1.00, 100, '2025-01-20 16:13:04', 22.00, 21.00, 999.00),
(779, 63, 10, 'RETARDADOR CYKROM - 1/4 GALON', '', 1.00, 100, '2025-01-20 16:13:53', 11.00, 10.00, 999.00),
(780, 63, 10, 'RETARDADOR CYKROM - 1/8 GALON', '', 1.00, 99, '2025-01-20 16:14:12', 6.00, 5.00, 999.00),
(781, 63, 10, 'RETARDADOR CYKROM - 1/16 GALON', '', 1.00, 100, '2025-01-20 16:14:41', 4.00, 3.50, 999.00),
(782, 63, 10, 'RETARDADOR CYKROM - 1/32 GALON', '', 1.00, 100, '2025-01-20 16:15:44', 3.00, 2.50, 999.00),
(783, 25, 10, 'NOGALINA - LIDER QUIM 1 KILO', '', 14.00, 98, '2025-01-20 16:17:40', 20.00, 18.00, 999.00),
(784, 25, 10, 'NOGALINA - LIDER QUIM 1/2 KILO', '', 1.00, 100, '2025-01-20 16:18:03', 10.00, 9.00, 999.00),
(785, 25, 10, 'NOGALINA - LIDER QUIM 1/4 KILO', '', 1.00, 99, '2025-01-20 16:18:22', 5.00, 4.50, 999.00),
(786, 51, 36, 'ACONDICIONADOR DE METALES - TOLBRIN 1 GALON', '', 25.00, 100, '2025-01-20 16:30:01', 46.00, 45.00, 999.00),
(787, 51, 36, 'ACONDICIONADOR DE METALES - TOLBRIN 1 LITRO', '', 11.00, 100, '2025-01-20 16:30:42', 15.00, 14.50, 999.00),
(788, 38, 10, 'AGUARRAZ - DERQUSA 1 GALON', '', 16.00, 100, '2025-01-20 16:38:18', 30.00, 29.00, 999.00),
(789, 38, 10, 'AGUARRAZ - DERQUSA 1 LITRO', '', 6.00, 100, '2025-01-20 16:38:47', 12.00, 11.00, 999.00),
(790, 36, 10, 'AGUARRAZ - MILSA 1 GALON', '', 16.00, 100, '2025-01-20 16:41:58', 30.00, 29.00, 999.00),
(791, 38, 10, 'BENCINA - DERQUSA 1 LITRO', '', 6.00, 100, '2025-01-20 16:43:07', 12.00, 11.00, 999.00),
(792, 25, 52, 'BROCHA DE CERDA 1 PULGADA', '', 2.08, 95, '2025-01-20 16:46:36', 4.00, 3.80, 999.00),
(793, 25, 52, 'BROCHA DE CERDA 1 1/2 PULGADA', '', 2.91, 99, '2025-01-20 16:47:13', 4.50, 4.30, 999.00),
(794, 25, 52, 'BROCHA DE CERDA 2 PULGADAS', '', 4.16, 99, '2025-01-20 16:47:47', 6.00, 5.80, 999.00),
(795, 25, 52, 'BROCHA DE CERDA 3 PULGADAS', '', 6.25, 97, '2025-01-20 16:48:07', 9.00, 8.00, 999.00),
(796, 25, 52, 'BROCHA DE CERDA 4 PULGADAS', '', 7.91, 100, '2025-01-20 16:49:16', 11.00, 10.00, 999.00),
(797, 31, 26, 'BRILLO DIRECTO (B/N) - JHOMERON 1 GALON', '', 110.00, 100, '2025-01-20 16:54:13', 170.00, 168.00, 999.00),
(798, 31, 26, 'BRILLO DIRECTO (B/N) - JHOMERON 1/2 GALON', '', 1.00, 105, '2025-01-20 16:54:33', 90.00, 88.00, 999.00),
(799, 31, 26, 'BRILLO DIRECTO (B/N) - JHOMERON 1/4 GALON', '', 1.00, 100, '2025-01-20 16:54:46', 48.00, 46.00, 999.00),
(800, 31, 26, 'BRILLO DIRECTO (B/N) - JHOMERON 1/8 GALON', '', 1.00, 100, '2025-01-20 16:54:59', 25.00, 24.00, 999.00),
(801, 31, 10, 'BRILLO DIRECTO (B/N) - JHOMERON 1/16 GALON', '', 1.00, 105, '2025-01-20 16:55:36', 14.00, 12.00, 999.00),
(802, 31, 26, 'BRILLO DIRECTO (B/N) - JHOMERON 1/32 GALON', '', 1.00, 101, '2025-01-20 16:55:53', 10.00, 9.00, 999.00),
(803, 31, 26, 'BRILLO DIRECTO (COLOR) - JHOMERON 1 GALON', '', 145.00, 100, '2025-01-20 17:00:11', 220.00, 218.00, 999.00),
(804, 31, 26, 'BRILLO DIRECTO (COLOR) - JHOMERON 1/2 GALON', '', 1.00, 100, '2025-01-20 17:00:23', 115.00, 113.00, 999.00),
(805, 31, 26, 'BRILLO DIRECTO (COLOR) - JHOMERON 1/4 GALON', '', 1.00, 100, '2025-01-20 17:00:41', 60.00, 58.00, 999.00),
(806, 31, 26, 'BRILLO DIRECTO (COLOR) - JHOMERON 1/8 GALON', '', 1.00, 100, '2025-01-20 17:00:56', 30.00, 29.00, 999.00),
(807, 31, 26, 'BRILLO DIRECTO (COLOR) - JHOMERON 1/16 GALON', '', 1.00, 100, '2025-01-20 17:01:12', 16.00, 15.00, 999.00),
(808, 31, 26, 'BRILLO DIRECTO (COLOR) - JHOMERON 1/32 GALON', '', 1.00, 100, '2025-01-20 17:01:29', 10.00, 9.50, 999.00),
(809, 31, 26, 'BRILLO DIRECTO (SUPER NEGRO) JHOMERON 1 GALON	', '', 125.00, 100, '2025-01-20 17:13:16', 190.00, 188.00, 999.00),
(810, 31, 26, 'BRILLO DIRECTO (SUPER NEGRO) JHOMERON 1/2 GALON', '', 1.00, 100, '2025-01-20 17:13:54', 98.00, 97.00, 999.00),
(811, 31, 26, 'BRILLO DIRECTO (SUPER NEGRO) JHOMERON 1/4 GALON', '', 1.00, 100, '2025-01-20 17:14:20', 49.00, 48.00, 999.00),
(812, 31, 10, 'BRILLO DIRECTO (SUPER NEGRO) JHOMERON 1/8 GALON', '', 1.00, 100, '2025-01-20 17:15:09', 25.00, 24.00, 999.00),
(813, 31, 26, 'BRILLO DIRECTO (SUPER NEGRO) JHOMERON 1/16 GALON', '', 1.00, 100, '2025-01-20 17:15:26', 14.00, 13.50, 999.00),
(814, 31, 26, 'BRILLO DIRECTO (SUPER NEGRO) JHOMERON 1/32 GALON', '', 1.00, 100, '2025-01-20 17:15:45', 10.00, 9.50, 999.00),
(815, 31, 26, 'BRILLO DIRECTO (JUEGO JHOMERON AMARILLO LIMON)', '', 280.00, 100, '2025-01-20 17:22:32', 340.00, 338.00, 999.00),
(816, 31, 26, 'BRILLO DIRECTO (JUEGO JHOMERON AMARILLO / ROJO)', '', 240.00, 100, '2025-01-20 17:24:21', 310.00, 308.00, 999.00),
(817, 31, 26, 'BRILLO DIRECTO (JUEGO JHOMERON NEGRO BRILLANTE)', '', 230.00, 100, '2025-01-20 17:24:55', 290.00, 288.00, 999.00),
(818, 31, 26, 'BRILLO DIRECTO (JUEGO JHOMERON BLANCO BRILLANTE)', '', 230.00, 100, '2025-01-20 17:25:38', 280.00, 278.00, 999.00),
(819, 65, 26, 'BASE AL ACEITE (GRIS/ B/N)- TAMSA - 1 GALON', '', 38.00, 100, '2025-01-20 17:29:06', 55.00, 53.00, 212.00),
(820, 65, 26, 'BASE AL ACEITE (GRIS/ B/N)- TAMSA - 1/2 GALON', '', 1.00, 100, '2025-01-20 17:29:37', 28.50, 27.50, 999.00),
(821, 65, 26, 'BASE AL ACEITE (GRIS/ B/N)- TAMSA - 1/4 GALON', '', 1.00, 100, '2025-01-20 17:30:02', 15.50, 15.00, 999.00),
(822, 65, 26, 'BASE AL ACEITE (GRIS/ B/N)- TAMSA - 1/8 GALON', '', 1.00, 100, '2025-01-20 17:30:19', 8.00, 7.50, 999.00),
(823, 65, 26, 'BASE AL ACEITE (GRIS/ B/N)- TAMSA - 1/16 GALON', '', 1.00, 100, '2025-01-20 17:30:40', 5.00, 4.50, 999.00),
(824, 65, 26, 'BASE AL ACEITE (GRIS/ B/N)- TAMSA - 1/32 GALON', '', 1.00, 100, '2025-01-20 17:30:56', 4.00, 3.50, 999.00),
(825, 25, 26, 'BASE AL ACEITE - PINTORCITO - 1 GALON', '', 33.00, 100, '2025-01-20 17:32:41', 50.00, 48.00, 192.00),
(826, 25, 26, 'BASE AL ACEITE - PINTORCITO - 1/2 GALON', '', 1.00, 100, '2025-01-20 17:32:57', 26.00, 25.00, 999.00),
(827, 25, 26, 'BASE AL ACEITE - PINTORCITO - 1/4 GALON', '', 1.00, 98, '2025-01-20 17:33:14', 16.00, 12.00, 999.00),
(828, 25, 26, 'BASE AL ACEITE - PINTORCITO - 1/8 GALON', '', 1.00, 99, '2025-01-20 17:33:30', 7.00, 6.50, 999.00),
(829, 25, 26, 'BASE AL ACEITE - PINTORCITO - 1/16 GALON', '', 1.00, 100, '2025-01-20 17:33:47', 4.00, 3.50, 999.00),
(830, 25, 26, 'BASE AL ACEITE - PINTORCITO - 1/32 GALON', '', 1.00, 100, '2025-01-20 17:34:21', 3.50, 3.00, 999.00),
(831, 53, 26, 'LATEX PATO - CPP 1/2 GALON', '', 1.00, 100, '2025-01-20 17:53:28', 25.00, 23.00, 999.00),
(832, 53, 26, 'LATEX PATO - CPP 1/4 GALON', '', 1.00, 100, '2025-01-20 17:53:55', 15.00, 13.00, 999.00),
(833, 53, 26, 'LATEX - TAMSA 1/2 GALON', '', 1.00, 100, '2025-01-20 17:54:33', 15.00, 13.00, 999.00),
(834, 53, 26, 'LATEX - TAMSA 1/4 GALON', '', 1.00, 100, '2025-01-20 17:54:50', 10.00, 8.00, 999.00),
(835, 30, 26, 'BASE PARA MADERA BLANCA - ISSA - 1 LATA', '', 180.00, 100, '2025-01-20 17:56:38', 205.00, 204.00, 999.00),
(836, 28, 32, 'LACA PARA MADERA PIROXILINA - ANYPSA 1 GALON', '', 50.00, 100, '2025-01-20 17:59:03', 60.00, 58.00, 236.00),
(837, 28, 32, 'LACA PARA MADERA PIROXILINA - ANYPSA 1/2 GALON', '', 1.00, 100, '2025-01-20 17:59:30', 31.00, 30.00, 999.00),
(838, 28, 32, 'LACA PARA MADERA PIROXILINA - ANYPSA 1/4 GALON', '', 1.00, 97, '2025-01-20 17:59:55', 16.00, 15.50, 999.00),
(839, 28, 32, 'LACA PARA MADERA PIROXILINA - ANYPSA 1/8 GALON', '', 1.00, 97, '2025-01-20 18:00:37', 9.00, 8.50, 999.00),
(840, 28, 32, 'LACA PARA MADERA PIROXILINA - ANYPSA 1/16 GALON', '', 1.00, 100, '2025-01-20 18:01:22', 6.00, 5.50, 999.00),
(841, 28, 32, 'LACA PARA MADERA PIROXILINA - ANYPSA 1/32 GALON', '', 1.00, 97, '2025-01-20 18:01:44', 5.00, 4.50, 999.00),
(842, 30, 26, 'ULTRA MATE (SATINADO/MATE) - ISSA 1 GALON	', '', 42.00, 100, '2025-01-20 18:10:21', 62.00, 61.00, 244.00),
(843, 30, 26, 'ULTRA MATE (SATINADO/MATE) - ISSA 1/2 GALON', '', 1.00, 100, '2025-01-20 18:11:39', 32.00, 31.00, 999.00),
(844, 30, 26, 'ULTRA MATE (SATINADO/MATE) - ISSA 1/4 GALON', '', 1.00, 100, '2025-01-20 18:13:08', 16.00, 15.50, 999.00),
(845, 30, 26, 'ULTRA MATE (SATINADO/MATE) - ISSA 1/8 GALON', '', 1.00, 100, '2025-01-20 18:14:14', 8.00, 7.50, 999.00),
(846, 30, 26, 'ULTRA MATE (SATINADO/MATE) - ISSA 1/16 GALON', '', 1.00, 100, '2025-01-20 18:14:32', 5.00, 4.50, 999.00),
(847, 30, 26, 'ULTRA MATE (SATINADO/MATE) - ISSA 1/32 GALON', '', 1.00, 100, '2025-01-20 18:14:49', 4.00, 3.50, 999.00),
(848, 28, 32, 'LACA SELLADORA CLASICA - ANYPSA 1 GALON', '', 45.00, 100, '2025-01-20 18:23:06', 55.00, 54.00, 216.00),
(849, 28, 32, 'LACA SELLADORA CLASICA - ANYPSA 1/2 GALON', '', 1.00, 100, '2025-01-20 18:24:12', 27.50, 27.00, 999.00),
(850, 28, 32, 'LACA SELLADORA CLASICA - ANYPSA 1/4 GALON', '', 100.00, 100, '2025-01-20 18:24:36', 110.00, 105.00, 200.00),
(851, 28, 32, 'LACA SELLADORA CLASICA - ANYPSA 1/8 GALON', '', 100.00, 100, '2025-01-20 18:25:08', 110.00, 105.00, 200.00),
(852, 28, 32, 'LACA SELLADORA CLASICA - ANYPSA 1/16 GALON', '', 100.00, 100, '2025-01-20 18:25:23', 110.00, 105.00, 200.00),
(853, 28, 32, 'LACA SELLADORA CLASICA - ANYPSA 1/32 GALON', '', 100.00, 100, '2025-01-20 18:25:35', 110.00, 105.00, 200.00),
(854, 28, 53, 'ESMALTE SINTETICO (COLORES) 3T ANYPSA 1 GALON', '', 26.00, 94, '2025-01-21 09:13:58', 45.00, 43.00, 172.00),
(855, 28, 53, 'ESMALTE SINTETICO (COLORES) 3T ANYPSA 1/2 GALON', '', 1.00, 100, '2025-01-21 09:14:47', 28.50, 28.00, 999.00),
(856, 28, 53, 'ESMALTE SINTETICO (COLORES) 3T ANYPSA 1/4 GALON', '', 1.00, 100, '2025-01-21 09:15:29', 15.50, 15.00, 999.00),
(857, 28, 53, 'ESMALTE SINTETICO (COLORES) 3T ANYPSA 1/8 GALON', '', 1.00, 100, '2025-01-21 09:16:05', 8.00, 7.50, 999.00),
(858, 28, 53, 'ESMALTE SINTETICO (COLORES) 3T ANYPSA 1/16 GALON', '', 1.00, 100, '2025-01-21 09:17:39', 5.00, 4.50, 999.00),
(859, 28, 53, 'ESMALTE SINTETICO (COLORES) 3T ANYPSA 1/32 GALON', '', 1.00, 100, '2025-01-21 09:18:03', 3.00, 2.50, 999.00),
(860, 28, 26, 'BASE ZINCROMATO 3T- ANYPSA - 1 GALON', '', 28.50, 100, '2025-01-21 10:14:54', 55.00, 53.00, 212.00),
(861, 28, 26, 'BASE ZINCROMATO 3T- ANYPSA - 1/2 GALON', '', 1.00, 100, '2025-01-21 10:15:12', 28.00, 27.00, 999.00),
(862, 28, 26, 'BASE ZINCROMATO 3T- ANYPSA - 1/4 GALON', '', 1.00, 100, '2025-01-21 10:15:24', 15.00, 14.00, 999.00),
(863, 28, 26, 'BASE ZINCROMATO 3T- ANYPSA - 1/8 GALON', '', 1.00, 100, '2025-01-21 10:15:36', 8.00, 7.50, 999.00),
(864, 28, 26, 'BASE ZINCROMATO 3T- ANYPSA - 1/16 GALON', '', 1.00, 100, '2025-01-21 10:15:55', 5.00, 4.50, 999.00),
(865, 28, 26, 'BASE ZINCROMATO 3T- ANYPSA - 1/32 GALON', '', 1.00, 100, '2025-01-21 10:16:20', 4.00, 3.50, 999.00),
(866, 28, 26, 'BASE AL ACEITE MAESTRO (B/N/G)- ANYPSA 1 GALON', '', 48.00, 98, '2025-01-21 10:21:54', 60.00, 59.00, 236.00),
(867, 28, 26, 'BASE AL ACEITE MAESTRO (B/N/G)- ANYPSA 1/2 GALON', '', 1.00, 100, '2025-01-21 10:22:24', 31.00, 30.00, 999.00),
(868, 28, 26, 'BASE AL ACEITE MAESTRO (B/N/G)- ANYPSA 1/4 GALON', '', 1.00, 100, '2025-01-21 10:22:44', 16.00, 15.00, 999.00),
(869, 28, 26, 'BASE AL ACEITE MAESTRO (B/N/G)- ANYPSA 1/8 GALON', '', 1.00, 100, '2025-01-21 10:23:00', 9.00, 8.50, 999.00),
(870, 28, 26, 'BASE AL ACEITE MAESTRO - ANYPSA 1/16 GALON', '', 1.00, 100, '2025-01-21 10:23:20', 5.00, 4.00, 999.00),
(871, 28, 26, 'BASE AL ACEITE MAESTRO - ANYPSA 1/32 GALON', '', 1.00, 100, '2025-01-21 10:23:33', 4.00, 3.50, 999.00),
(872, 32, 26, 'BASE MATEANTE - PARACAS 1 GALON', '', 50.00, 100, '2025-01-21 10:42:07', 75.00, 74.00, 296.00),
(873, 32, 26, 'BASE MATEANTE - PARACAS 1/2 GALON', '', 1.00, 100, '2025-01-21 10:42:28', 39.00, 38.00, 999.00),
(874, 32, 26, 'BASE MATEANTE - PARACAS 1/4 GALON', '', 1.00, 100, '2025-01-21 10:42:47', 20.00, 19.00, 999.00),
(875, 32, 26, 'BASE MATEANTE - PARACAS 1/8 GALON', '', 1.00, 100, '2025-01-21 10:43:06', 11.00, 10.00, 999.00),
(876, 32, 26, 'BASE MATEANTE - PARACAS 1/16 GALON', '', 1.00, 100, '2025-01-21 10:43:28', 7.00, 6.50, 999.00),
(877, 32, 26, 'BASE MATEANTE - PARACAS 1/32 GALON', '', 1.00, 100, '2025-01-21 10:43:42', 5.00, 4.50, 999.00),
(878, 64, 10, 'TEROCAL MULTIUSOS - TEKNO 1 GALON', '', 45.00, 100, '2025-01-21 10:45:29', 60.00, 58.00, 232.00),
(879, 64, 10, 'TEROCAL MULTIUSOS - TEKNO 1/2 GALON', '', 1.00, 100, '2025-01-21 10:45:47', 31.00, 30.00, 999.00),
(880, 64, 10, 'TEROCAL MULTIUSOS - TEKNO 1/4 GALON', '', 1.00, 100, '2025-01-21 10:46:02', 17.00, 16.00, 999.00),
(881, 64, 10, 'TEROCAL MULTIUSOS - TEKNO 1/8 GALON', '', 1.00, 98, '2025-01-21 10:46:19', 9.00, 8.50, 999.00),
(882, 64, 10, 'TEROCAL MULTIUSOS - TEKNO 1/16 GALON', '', 1.00, 10, '2025-01-21 10:46:39', 6.00, 5.50, 999.00),
(883, 64, 10, 'TEROCAL MULTIUSOS - TEKNO 1/32 GALON', '', 1.00, 109, '2025-01-21 10:47:02', 5.00, 4.50, 999.00),
(884, 64, 10, 'TEROCAL TEROCHAP - TEKNO 1 GALON', '', 69.00, 100, '2025-01-21 10:47:50', 80.00, 79.00, 316.00),
(885, 64, 10, 'TEROCAL TEROCHAP - TEKNO 1/2 GALON', '', 1.00, 100, '2025-01-21 10:48:18', 41.00, 40.00, 999.00),
(886, 64, 10, 'TEROCAL TEROCHAP - TEKNO 1/4 GALON', '', 1.00, 100, '2025-01-21 10:48:34', 21.00, 20.00, 999.00),
(887, 64, 10, 'TEROCAL TEROCHAP - TEKNO 1/8 GALON', '', 1.00, 98, '2025-01-21 10:48:49', 12.00, 11.00, 999.00),
(888, 64, 10, 'TEROCAL TEROCHAP - TEKNO 1/16 GALON', '', 1.00, 100, '2025-01-21 10:49:04', 7.00, 6.50, 999.00),
(889, 64, 10, 'TEROCAL TEROCHAP - TEKNO 1/32 GALON', '', 1.00, 100, '2025-01-21 10:49:17', 5.00, 4.50, 999.00),
(890, 28, 26, 'BASE X4 1 GALON - ANYPSA', '', 60.00, 100, '2025-01-21 10:59:03', 70.00, 69.00, 276.00),
(891, 28, 26, 'BASE X4 1/2 GALON - ANYPSA', '', 1.00, 100, '2025-01-21 10:59:29', 36.00, 35.00, 999.00),
(892, 28, 26, 'BASE X4 1/4 GALON - ANYPSA', '', 1.00, 99, '2025-01-21 10:59:47', 19.00, 18.00, 999.00),
(893, 28, 26, 'BASE X4 1/8 GALON - ANYPSA', '', 1.00, 99, '2025-01-21 11:00:15', 10.00, 9.50, 999.00),
(894, 28, 26, 'BASE X4 1/16 GALON - ANYPSA', '', 1.00, 100, '2025-01-21 11:00:33', 6.00, 5.50, 999.00),
(895, 28, 26, 'BASE X4 1/32 GALON - ANYPSA', '', 1.00, 100, '2025-01-21 11:00:48', 5.00, 4.50, 999.00),
(896, 28, 53, 'ESMALTE SINTETICO - MAESTRO 1/2 GALON', '', 1.00, 100, '2025-01-21 11:02:38', 28.00, 27.00, 999.00),
(897, 28, 26, 'ESMALTE SINTETICO - MAESTRO 1/4 GALON', '', 1.00, 100, '2025-01-21 11:02:52', 15.00, 14.00, 999.00),
(898, 28, 53, 'ESMALTE SINTETICO - MAESTRO 1/8 GALON', '', 1.00, 100, '2025-01-21 11:03:16', 8.00, 7.50, 999.00),
(899, 28, 53, 'ESMALTE SINTETICO - MAESTRO 1/16 GALON', '', 1.00, 100, '2025-01-21 11:03:36', 5.00, 4.50, 999.00),
(900, 28, 53, 'ESMALTE SINTETICO - MAESTRO 1/32 GALON', '', 1.00, 100, '2025-01-21 11:03:52', 4.00, 3.50, 999.00),
(901, 25, 10, 'FILM (9 PULGADAS) 1/2 KILO', '38 PRECIO POR CAJA', 4.75, 99, '2025-01-21 11:19:18', 9.50, 9.00, 72.00),
(902, 25, 10, 'FILM (9PULGADAS) 1 KILO', '57 PRECIO POR CAJA\r\n', 7.13, 99, '2025-01-21 11:36:39', 14.00, 13.50, 54.00),
(903, 25, 10, 'FILM (6 PULGADAS)', '36 PRECIO POR CAJA\r\n', 3.00, 96, '2025-01-21 11:38:08', 7.50, 6.50, 78.00),
(904, 25, 10, 'FILM 1 KILO', '28 PRECIO POR CAJA', 7.00, 87, '2025-01-21 11:40:58', 12.00, 11.00, 42.00),
(905, 25, 10, 'FILM 2 KILO', '53 PRECIO POR CAJA ', 13.25, 100, '2025-01-21 11:50:17', 21.00, 20.00, 80.00),
(906, 25, 10, 'FILM 3 KILOS', '83 PRECIO POR CAJA', 20.75, 85, '2025-01-21 11:51:07', 28.50, 27.50, 110.00),
(907, 25, 10, 'FILM 4 KILOS', '113 PRECIO POR CAJA', 28.25, 91, '2025-01-21 11:51:47', 37.50, 36.50, 146.00),
(908, 28, 26, 'BASE PARA MADERA - MAESTRO 1/2 GALON', '', 1.00, 100, '2025-01-21 11:55:24', 31.00, 30.00, 999.00),
(909, 28, 26, 'BASE PARA MADERA - MAESTRO 1/4 GALON', '', 1.00, 100, '2025-01-21 11:55:38', 16.00, 15.00, 999.00),
(910, 28, 26, 'BASE PARA MADERA - MAESTRO 1/8 GALON', '', 1.00, 100, '2025-01-21 11:55:55', 9.00, 8.50, 999.00),
(911, 28, 26, 'BASE PARA MADERA - MAESTRO 1/16 GALON', '', 1.00, 100, '2025-01-21 11:56:10', 6.00, 5.50, 999.00),
(912, 28, 26, 'BASE PARA MADERA - MAESTRO 1/32 GALON', '', 1.00, 100, '2025-01-21 11:56:25', 5.00, 4.50, 999.00),
(913, 29, 26, '1 JUEGO BASE EPOXICA -  DURON ', '', 190.00, 100, '2025-01-21 12:06:17', 240.00, 235.00, 999.00),
(914, 29, 26, 'BASE AL ACEITE AUTOMOTRIZ (GRIS) - DURON 1 GALON', '', 47.00, 100, '2025-01-21 12:08:47', 67.00, 66.00, 264.00),
(915, 29, 26, 'BASE AL ACEITE AUTOMOTRIZ (GRIS) - DURON 1/2 GALON', '', 1.00, 100, '2025-01-21 12:09:18', 34.00, 33.00, 999.00),
(916, 29, 26, 'BASE AL ACEITE AUTOMOTRIZ (GRIS) - DURON 1/4 GALON', '', 1.00, 100, '2025-01-21 12:09:35', 18.00, 17.00, 999.00),
(917, 29, 26, 'BASE AL ACEITE AUTOMOTRIZ (GRIS) - DURON 1/8 GALON', '', 1.00, 100, '2025-01-21 12:09:55', 10.00, 9.00, 999.00),
(918, 29, 26, 'BASE AL ACEITE AUTOMOTRIZ (GRIS) - DURON 1/16 GALO', '', 1.00, 100, '2025-01-21 12:10:14', 6.00, 5.50, 999.00),
(919, 29, 26, 'BASE AL ACEITE AUTOMOTRIZ (GRIS)- DURON 1/32 GALON', '', 1.00, 100, '2025-01-21 12:10:30', 5.00, 4.50, 999.00),
(920, 28, 39, 'MASILLA ROVER FLEX - 3T 1 GALON', '', 52.00, 99, '2025-01-21 12:13:43', 75.00, 74.00, 296.00),
(921, 28, 10, 'ANTICORROSIVO - 3T ANYPSA 1 GALON', '', 26.00, 100, '2025-01-21 12:17:22', 42.00, 41.00, 164.00),
(922, 28, 10, 'ANTICORROSIVO - 3T ANYPSA 1/2 GALON', '', 1.00, 100, '2025-01-21 12:17:40', 22.00, 21.00, 999.00),
(923, 28, 10, 'ANTICORROSIVO - 3T ANYPSA 1/4 GALON', '', 1.00, 100, '2025-01-21 12:17:56', 12.00, 11.50, 999.00),
(924, 28, 10, 'ANTICORROSIVO - 3T ANYPSA 1/8 GALON', '', 1.00, 100, '2025-01-21 12:18:13', 7.00, 6.50, 999.00),
(925, 28, 10, 'ANTICORROSIVO - 3T ANYPSA 1/16 GALON', '', 1.00, 100, '2025-01-21 12:18:29', 5.00, 4.50, 999.00),
(926, 28, 10, 'ANTICORROSIVO - 3T ANYPSA 1/32 GALON', '', 1.00, 100, '2025-01-21 12:18:42', 4.00, 3.50, 999.00),
(927, 25, 35, 'LIJA NORTON 80 ', '88 PRECIO POR PAQUETE', 1.00, 100, '2025-01-21 12:33:59', 2.30, 2.20, 110.00),
(928, 25, 35, 'LIJA NORTON 100', '81 PRECIO PAQUETE', 1.00, 97, '2025-01-21 12:34:41', 2.20, 2.10, 105.00),
(929, 25, 35, 'LIJA NORTON 120', '69 PRECIO POR PAQUETE', 1.00, 95, '2025-01-21 12:36:07', 2.20, 2.10, 105.00),
(930, 25, 35, 'LIJA NORTON 150', '70 PRECIO POR PAQUETE', 1.00, 106, '2025-01-21 12:36:49', 2.10, 2.00, 100.00),
(931, 25, 35, 'LIJA NORTON 180', '61.50 PRECIO POR PAQUETE', 1.00, 94, '2025-01-21 12:37:45', 2.00, 1.90, 95.00),
(932, 25, 35, 'LIJA NORTON 220', '61.50 PRECIO POR PAQUETE', 1.00, 80, '2025-01-21 12:38:54', 1.90, 1.80, 90.00),
(933, 25, 35, 'LIJA NORTON 240', '60 PRECIO POR PAQUETE', 1.00, 100, '2025-01-21 12:39:30', 1.80, 1.70, 85.00),
(934, 25, 35, 'LIJA NORTON 320', '59 PRECIO POR PAQUETE', 1.00, 73, '2025-01-21 12:40:21', 1.80, 1.70, 85.00),
(935, 25, 35, 'LIJA NORTON 400', '64.50 PRECIO POR PAQUETE', 1.00, 96, '2025-01-21 12:41:17', 1.90, 1.80, 90.00),
(936, 25, 35, 'LIJA NORTON 800', '64.50 PRECIO POR PAQUETE', 1.00, 82, '2025-01-21 12:42:46', 2.00, 1.90, 95.00),
(937, 25, 35, 'LIJA FANDELI AL AGUA 80', '58 PRECIO POR PAQUETE', 1.00, 100, '2025-01-21 12:45:24', 2.20, 2.10, 105.00),
(938, 25, 35, 'LIJA FANDELI AL AGUA 100 ', '43 PRECIO POR PAQUETE ', 1.00, 99, '2025-01-21 12:47:48', 2.10, 2.00, 100.00),
(939, 25, 35, 'LIJA FANDELI AL AGUA 120', '41.50', 1.00, 100, '2025-01-21 12:48:41', 2.00, 1.90, 95.00),
(940, 25, 35, 'LIJA FANDELI AL AGUA 150', '40 PRECIO POR PAQUETE', 1.00, 87, '2025-01-21 12:49:11', 2.00, 1.90, 95.00),
(941, 25, 35, 'LIJA FANDELI AL AGUA 180', '38 PRECIO POR PAQUETE', 1.00, 100, '2025-01-21 12:50:26', 1.90, 1.80, 90.00),
(942, 25, 35, 'LIJA FANDELI AL AGUA 220', '36 PRECIO POR PAQUETE', 1.00, 100, '2025-01-21 12:51:21', 1.80, 1.70, 85.00),
(943, 25, 35, 'LIJA FANDELI AL AGUA 240', '36.50 POR PAQUETE', 1.00, 100, '2025-01-21 12:52:05', 1.80, 1.70, 85.00),
(944, 25, 35, 'LIJA FANDELI AL AGUA 320', '34 PRECIO POR PAQUETE', 1.00, 96, '2025-01-21 12:52:51', 1.60, 1.50, 75.00),
(945, 25, 35, 'LIJA FANDELI AL AGUA 360 ', '', 1.00, 100, '2025-01-21 12:54:12', 1.60, 1.50, 75.00),
(946, 25, 35, 'LIJA FANDELI AL AGUA 400', '39.50 PRECIO POR PAQUETE', 1.00, 95, '2025-01-21 12:55:03', 1.50, 1.40, 70.00),
(947, 25, 35, 'LIJA FANDELI AL AGUA 600', '', 1.00, 100, '2025-01-21 12:55:59', 1.50, 1.40, 70.00),
(948, 25, 35, 'LIJA FANDELI AL AGUA 800', '', 1.00, 100, '2025-01-21 12:57:04', 1.50, 1.40, 70.00),
(949, 25, 35, 'LIJA FANDELI AL AGUA 1000', '47.50 PRECIO POR PAQUETE', 1.00, 98, '2025-01-21 12:57:53', 2.00, 1.90, 95.00),
(950, 25, 35, 'LIJA FANDELI LIJA AL AGUA 1200', '', 1.00, 100, '2025-01-21 13:00:12', 2.00, 1.90, 95.00),
(951, 25, 35, 'LIJA FANDELI AL AGUA 1500', '', 1.00, 100, '2025-01-21 13:00:44', 2.50, 2.40, 120.00),
(952, 25, 35, 'LIJA FANDELI AL AGUA 2000', '', 1.00, 100, '2025-01-21 13:01:35', 2.50, 2.40, 120.00),
(953, 25, 35, 'LIJA FANDELI AL AGUA 2500', '', 1.00, 100, '2025-01-21 13:01:57', 3.00, 2.90, 145.00),
(954, 25, 35, 'LIJA FIERRO 40 ', '', 1.00, 88, '2025-01-21 14:58:37', 3.00, 2.90, 72.50),
(955, 25, 35, 'LIJA FIERRO 50', '', 1.00, 99, '2025-01-21 14:59:06', 3.00, 2.90, 72.50),
(956, 25, 35, 'LIJA FIERRO 60', '73 PRECIO POR CAJA', 1.00, 70, '2025-01-21 15:00:21', 2.80, 2.70, 67.50),
(957, 25, 35, 'LIJA FIERRO 80', '72 PRECIO POR PAQUETE', 1.00, 64, '2025-01-21 15:00:57', 2.80, 2.70, 135.00),
(958, 25, 35, 'LIJA FIERRO 100', '68 PRECIO POR PAQUETE', 1.00, 76, '2025-01-21 15:01:50', 2.50, 2.40, 120.00),
(959, 25, 35, 'LIJA FIERRO 120', '68 PRECIO POR PAQUETE', 1.00, 71, '2025-01-21 15:02:15', 2.50, 2.40, 120.00),
(960, 25, 35, 'LIJA FIERRO 150', '65 PRECIO POR PAQUETE', 1.00, 94, '2025-01-21 15:02:50', 2.50, 2.40, 120.00),
(961, 25, 35, 'LIJA FIERRO 180', '65 PRECIO POR PAQUETE', 1.00, 90, '2025-01-21 15:03:28', 2.50, 2.40, 120.00),
(962, 25, 35, 'LIJA CIRCULAR CON PEGA PEGA 4 1/2 PULGADAS', '0.7 PRECIO  COMPRA UNIDAD', 0.70, 100, '2025-01-21 15:08:58', 2.00, 1.90, 999.00),
(963, 64, 34, 'COLA CLASICA TEKNO', '', 23.00, 99, '2025-01-21 15:13:31', 33.00, 32.00, 128.00),
(964, 25, 10, 'TRAPO SUELTO 1 KILO', '', 3.50, 58, '2025-01-21 15:15:42', 7.00, 6.50, 999.00),
(965, 25, 10, 'TRAPO COSIDO 1 KILO', '', 3.00, 90, '2025-01-21 15:16:18', 6.00, 5.50, 999.00),
(966, 25, 10, 'TRAPO BLANCO 1 KILO', '', 3.50, 100, '2025-01-21 15:16:39', 9.00, 8.50, 999.00),
(967, 25, 10, 'WAYPE 1 KILO', '', 7.00, 80, '2025-01-21 15:18:03', 12.00, 11.00, 999.00),
(968, 25, 10, 'WAYPE 1/2 KILO', '', 1.00, 87, '2025-01-21 15:18:27', 6.00, 5.50, 999.00),
(969, 25, 10, 'WAYPE 1/4 KILO', '', 1.00, 88, '2025-01-21 15:18:42', 3.00, 2.50, 999.00),
(970, 25, 10, 'WAYPE FINO 1 KILO', '', 1.00, 100, '2025-01-21 15:19:04', 20.00, 19.50, 999.00),
(971, 25, 10, 'WAYPE FINO 1/2 KILO', '', 1.00, 100, '2025-01-21 15:19:42', 10.00, 9.00, 999.00),
(972, 25, 10, 'WAYPE FINO 1/4 KILO', '', 1.00, 100, '2025-01-21 15:20:00', 5.00, 4.50, 999.00),
(973, 25, 10, 'TALCO AMERICANO 1 KILO', '', 1.00, 93, '2025-01-21 15:21:50', 2.00, 1.90, 999.00),
(974, 25, 10, 'TALCO AMERICANO 1 SACO (40 KILOS)', '', 17.00, 83, '2025-01-21 15:22:38', 23.00, 22.00, 999.00),
(975, 28, 10, 'DESMOLPLUS - ANYPSA', '', 54.00, 100, '2025-01-21 15:24:44', 75.00, 74.00, 196.00),
(976, 55, 36, 'LIMPIADOR MULTIUSOS (ALL CLEAN) SHUBERT', '', 5.70, 100, '2025-01-21 15:46:22', 17.00, 16.00, 999.00),
(978, 25, 10, 'ESPONJA ', '', 1.00, 92, '2025-01-21 15:50:39', 1.10, 1.01, 999.00),
(979, 55, 36, 'DESARMADOR INTERCAMBIABLE (5x75mm)- SHUBERT', '', 1.00, 100, '2025-01-21 15:56:00', 3.00, 2.90, 999.00),
(980, 55, 36, 'DESARMADOR INTERCAMBIABLE (6x90mm)- SHUBERT', '', 2.00, 100, '2025-01-21 15:56:43', 4.50, 4.00, 999.00),
(981, 25, 36, 'CANDADO PAOX 50 mm', '', 6.00, 100, '2025-01-21 15:58:20', 12.00, 11.00, 999.00),
(982, 25, 36, 'CANDADO PAOX 40 mm', '', 5.00, 100, '2025-01-21 15:58:47', 10.00, 9.00, 999.00),
(983, 25, 36, 'CANDADO PAOX 38 mm', '', 4.00, 99, '2025-01-21 15:59:10', 8.00, 7.00, 999.00),
(984, 55, 36, 'ALICATE UNIVERSAL 8 PULGADAS - SHUBERT', '', 5.00, 100, '2025-01-21 16:00:55', 12.00, 11.00, 999.00),
(985, 55, 36, 'VALVULA ESFERICA 1/2 PULGADA - SHUBERT', '', 6.00, 100, '2025-01-21 16:01:57', 10.00, 9.00, 999.00),
(986, 55, 36, 'LLAVE PARA BOTADERO 1/2 - SHUBERT', '', 6.00, 100, '2025-01-21 16:05:07', 12.00, 11.00, 999.00),
(987, 55, 36, 'LLAVE PARA JARDIN 1/2 - SHUBERT', '', 7.00, 100, '2025-01-21 16:06:05', 14.00, 13.00, 999.00),
(988, 25, 36, 'RESPIRADOR CON FILTRO KN95 ', '', 10.00, 100, '2025-01-21 16:06:58', 18.00, 17.00, 999.00),
(989, 25, 36, 'CANALETA DE PVC  (10x15) - HARDMAN', '', 1.25, 100, '2025-01-21 16:10:31', 2.50, 2.40, 999.00),
(990, 25, 10, 'CANALETA DE PVC  (10x20) - HARDMAN', '', 1.35, 99, '2025-01-21 16:10:56', 3.00, 2.90, 999.00),
(991, 71, 36, 'MASA DE PULIR 102 - SHERWIN WILLIAMS', '', 25.50, 100, '2025-01-21 16:20:38', 35.00, 34.00, 999.00),
(992, 25, 36, 'CERA TR', '', 55.00, 100, '2025-01-21 16:21:21', 70.00, 69.00, 999.00),
(993, 57, 36, 'PISTOLA METALICA PARA SOPLETEAR - TRUPER', '', 10.90, 100, '2025-01-21 16:33:31', 22.00, 20.00, 999.00),
(994, 25, 36, 'PISTOLA DE BAJA PRESION (1000ml) C&A PRO', '', 37.00, 100, '2025-01-21 16:36:31', 55.00, 53.00, 999.00),
(995, 25, 28, 'PIGMENTO GLUCON AMARILLO MD 1 KG', '', 90.00, 100, '2025-01-21 16:38:22', 130.00, 128.00, 999.00),
(996, 25, 36, 'PIGMENTO FLOZA (Rojo Berbellon) 1 KG', '', 140.00, 100, '2025-01-21 16:39:17', 180.00, 178.00, 999.00),
(997, 25, 36, 'PIGMENTO MOTOREX (Negro) 1 KG', '', 65.00, 100, '2025-01-21 16:40:23', 95.00, 93.00, 999.00),
(998, 25, 36, 'PIGMENTO BLANCO ValPeru 1Kg', '', 60.00, 98, '2025-01-21 16:43:56', 90.00, 88.00, 999.00),
(999, 25, 36, 'PIGMENTO NEGRO ValPeru 1Kg', '', 60.00, 99, '2025-01-21 16:44:42', 90.00, 88.00, 999.00),
(1000, 25, 10, 'PIGMENTO ROJO 0739 ValPeru', '', 150.00, 100, '2025-01-21 16:45:36', 178.00, 176.00, 999.00),
(1001, 25, 36, 'PIGMENTO VERDE 07404 ValPeru', '', 90.00, 100, '2025-01-21 16:46:20', 130.00, 128.00, 999.00),
(1002, 50, 36, 'RON DE QUEMAR 200 Ml - VISTONY', '', 3.00, 100, '2025-01-21 16:47:03', 5.00, 4.80, 999.00),
(1003, 38, 49, 'CEMENTO BLANCO - DERQUSA', '', 2.00, 100, '2025-01-21 16:55:41', 4.00, 3.80, 999.00),
(1004, 48, 36, 'OCRE - BAYER 1/2 KILO', '', 1.00, 100, '2025-01-21 16:57:28', 3.50, 3.00, 999.00),
(1005, 48, 36, 'OCRE - BAYER 1/4 KILO', '', 1.00, 99, '2025-01-21 16:57:53', 2.00, 1.80, 999.00),
(1006, 25, 36, 'EXTENSION CABLE 75FT (22.5m) - ASAKI ', '', 22.80, 100, '2025-01-21 17:06:46', 37.00, 36.00, 999.00),
(1007, 25, 36, 'EXTENSION CABLE 50FT (15m) - ASAKI ', '', 18.24, 100, '2025-01-21 17:07:49', 27.00, 26.00, 999.00),
(1008, 25, 36, 'EXTENSION CABLE 25FT (7.5m) - ASAKI ', '', 11.00, 100, '2025-01-21 17:08:52', 17.00, 16.00, 999.00),
(1009, 61, 36, 'EXTENSION 4 TOMAS  (5m) - KAMASA ', '', 12.73, 100, '2025-01-21 17:09:59', 23.00, 22.00, 999.00),
(1010, 61, 36, 'EXTENSION 4 TOMAS (3m) - KAMASA ', '', 9.88, 100, '2025-01-21 17:10:48', 19.00, 18.00, 999.00),
(1011, 25, 36, 'MANIJA DE AUTO LH', '', 7.50, 100, '2025-01-21 17:11:50', 10.00, 9.50, 999.00),
(1012, 25, 36, 'PAÑO ABSORVENTE ', '10 PRECIO POR PAQUETE', 1.00, 100, '2025-01-21 17:13:26', 1.20, 1.01, 18.00),
(1013, 25, 36, 'CINTA FRAGIL', '', 4.00, 99, '2025-01-21 17:14:43', 7.00, 6.50, 999.00),
(1014, 25, 36, 'CINTA DE EMBALAJE 200 YARDAS', '', 2.20, 97, '2025-01-21 17:18:03', 6.00, 5.50, 33.00),
(1015, 25, 36, 'CINTA DE EMBALAJE 500 YARDAS ', '', 5.30, 96, '2025-01-21 17:18:39', 13.00, 12.00, 72.00),
(1016, 51, 36, 'SILICONA DE BRILLO - TOLBRIN ', '', 8.80, 100, '2025-01-21 17:24:38', 13.00, 12.00, 999.00),
(1017, 55, 28, 'ESPUMA DE POLIURETANO - SHUBERT', '', 10.00, 100, '2025-01-21 17:25:06', 19.00, 18.00, 999.00),
(1018, 25, 36, 'ESCOBILLA DE FIERRO ', '', 5.00, 99, '2025-01-21 17:27:52', 9.00, 8.50, 999.00),
(1019, 25, 36, 'MASCRILLA SILICONEADA CON FILTRO ', '', 35.00, 100, '2025-01-21 17:28:52', 70.00, 65.00, 999.00),
(1020, 25, 36, 'FILTRO REDONDO 2097', '', 16.00, 100, '2025-01-21 17:29:41', 25.00, 24.00, 999.00),
(1021, 25, 10, 'MASILLA STAR 3000 (4 kg)- ROBERLO', '', 78.00, 1000, '2025-01-21 17:31:39', 98.00, 96.00, 999.00),
(1022, 25, 36, 'ENCHUFE INDUSTRIAL ', '', 2.00, 100, '2025-01-21 17:34:48', 5.00, 4.50, 999.00),
(1023, 43, 29, 'SPRAY PICASSO (COLORES)', '', 3.00, 95, '2025-01-21 17:37:23', 8.00, 7.00, 999.00),
(1024, 43, 29, 'SPRAY PICASSO (ESPECIALES)', '', 5.60, 100, '2025-01-21 17:38:01', 12.00, 11.00, 999.00),
(1025, 63, 32, 'SELLAMATE CYKROM 1 GALON', '', 40.00, 97, '2025-01-21 17:41:06', 47.00, 46.00, 184.00),
(1026, 63, 10, ' PARAFINICO - CYKROM 1/2 GALON', '', 1.00, 100, '2025-01-21 17:44:07', 30.00, 29.50, 999.00),
(1027, 63, 10, ' PARAFINICO - CYKROM 1/4 GALON', '', 1.00, 100, '2025-01-21 17:44:27', 15.00, 14.50, 999.00),
(1028, 63, 10, ' PARAFINICO - CYKROM 1/8 GALON', '', 1.00, 100, '2025-01-21 17:44:46', 8.00, 7.50, 999.00),
(1029, 63, 10, ' PARAFINICO - CYKROM 1/16 GALON', '', 1.00, 100, '2025-01-21 17:45:13', 6.00, 5.50, 999.00),
(1030, 63, 10, ' PARAFINICO - CYKROM 1/32 GALON', '', 1.00, 100, '2025-01-21 17:45:27', 5.00, 4.50, 999.00),
(1031, 31, 10, 'TEMPLE JHOMERON - 5 KILOS', '', 5.00, 99, '2025-01-21 17:47:30', 12.00, 11.00, 999.00),
(1032, 31, 10, 'TEMPLE JHOMERON 25 KILOS', '', 19.00, 100, '2025-01-21 17:47:52', 30.00, 29.00, 999.00),
(1033, 38, 10, 'TEMPLE DERQUSA 25 KILOS', '', 15.00, 99, '2025-01-21 17:48:35', 28.00, 27.00, 999.00),
(1034, 38, 10, 'TEMPLE DERQUSA 5 KILOS', '', 2.80, 100, '2025-01-21 17:48:51', 13.00, 12.00, 999.00),
(1035, 25, 36, 'GRIZA - 1 UNIDAD', '', 1.20, 100, '2025-01-22 08:55:11', 2.00, 1.90, 999.00),
(1036, 59, 31, 'DISCO DE CORTE 14 PULGADAS - NORTON', '', 14.00, 100, '2025-01-22 08:57:14', 20.00, 19.00, 190.00),
(1037, 25, 31, 'DISCO DE CORTE 14 PULGADAS - BRIKER', '', 8.50, 93, '2025-01-22 08:58:29', 15.00, 14.00, 140.00),
(1038, 25, 36, 'ABRAZADERA 1/2 PULGADA (2 UNIDADES)', '', 1.10, 100, '2025-01-22 09:00:28', 1.50, 1.40, 999.00),
(1039, 25, 36, 'ABRAZADERA 3/4 PULGADAS (2 UNIDADES)', '', 1.50, 98, '2025-01-22 09:01:12', 2.00, 1.90, 999.00),
(1040, 25, 36, 'ENCHUFE BULCANIZADO ', '', 1.80, 98, '2025-01-22 09:02:07', 3.50, 3.40, 999.00),
(1041, 25, 36, 'ABRAZADERA (1) (1/2) (2) PULGADAS ', '', 1.20, 100, '2025-01-22 09:04:28', 1.80, 1.70, 999.00),
(1042, 25, 36, 'BROCA PARA CEMENTO 3/8 - BREMEN', '', 5.00, 100, '2025-01-22 09:06:32', 10.00, 9.50, 999.00),
(1043, 25, 36, 'BROCA PARA CEMENTO 1/4 - BREMEN', '', 3.00, 100, '2025-01-22 09:06:56', 6.00, 5.80, 999.00),
(1044, 25, 36, 'BROCA PARA CEMENTO 5/16 - BREMEN', '', 4.50, 100, '2025-01-22 09:07:25', 9.00, 8.50, 999.00),
(1045, 25, 36, 'BROCA PARA CEMENTO 3/16 - BREMEN', '', 2.50, 100, '2025-01-22 09:08:06', 5.00, 4.50, 999.00),
(1046, 55, 36, 'BROCAS PARA CEMENTO 1/8 - SHUBERT', '', 2.40, 100, '2025-01-22 09:10:33', 4.00, 3.50, 999.00),
(1047, 55, 36, 'BROCA PARA METAL 1/16 - SHUBERT', '', 1.20, 100, '2025-01-22 09:11:50', 2.00, 1.80, 999.00),
(1048, 55, 36, 'BROCA PARA METAL 1/8 - SHUBERT', '', 1.50, 100, '2025-01-22 09:12:24', 2.50, 2.30, 999.00),
(1049, 72, 36, 'BROCA PARA METAL 5/32 -BREMEN', '', 2.00, 100, '2025-01-22 09:13:45', 3.00, 2.80, 999.00),
(1050, 72, 36, 'BROCA PARA METAL 3/16 -BREMEN', '', 2.00, 100, '2025-01-22 09:14:22', 3.50, 3.20, 999.00),
(1051, 72, 36, 'BROCA PARA METAL 1/4 -BREMEN', '', 2.50, 100, '2025-01-22 09:15:08', 5.00, 4.50, 999.00),
(1052, 72, 36, 'BROCA PARA METAL 5/16 -BREMEN', '', 5.00, 100, '2025-01-22 09:15:43', 8.00, 7.50, 999.00),
(1053, 72, 36, 'BROCA PARA METAL 1/2 -BREMEN', '', 9.50, 100, '2025-01-22 09:16:21', 16.00, 15.50, 999.00),
(1054, 57, 36, 'EMPAQUETADURA CUERO - TRUPPER', '', 2.50, 99, '2025-01-22 09:17:04', 5.00, 4.50, 999.00),
(1055, 73, 36, 'SOCKET TICINO', '', 4.00, 100, '2025-01-22 09:18:37', 8.00, 7.50, 999.00),
(1056, 73, 36, 'INTERRUPTOR  PARA EMPOTRAR - TICINO', '', 4.00, 100, '2025-01-22 09:23:00', 8.00, 7.50, 999.00),
(1057, 25, 36, 'INTERRUPTOR PARA EMPOTRAR - ULTRA ELECTRIC', '', 4.00, 100, '2025-01-22 09:23:48', 8.00, 7.50, 999.00),
(1058, 73, 36, 'TOMACORRIENTE PARA EMPOTRAR (3 ENTRADAS) - TICINO', '', 4.00, 100, '2025-01-22 09:24:47', 8.00, 7.50, 999.00),
(1059, 73, 36, 'TOMACORRIENTE PARA EMPOTRAR (2 ENTRADAS) - TICINO', '', 3.50, 100, '2025-01-22 09:26:21', 7.00, 6.50, 999.00),
(1060, 25, 36, 'ENCHUFE SIMPLE NEGRO', '', 1.20, 100, '2025-01-22 09:27:12', 2.00, 1.90, 999.00),
(1061, 25, 36, 'SOCKET COLGANTE ', '', 1.20, 100, '2025-01-22 09:30:24', 3.00, 2.50, 999.00),
(1062, 25, 36, 'INTERRUPTOR CIRCULAR', '', 1.20, 100, '2025-01-22 09:31:58', 2.00, 1.50, 999.00),
(1063, 25, 36, 'INTERRUPTOR CIRCULAR (PULSADOR)', '', 1.20, 100, '2025-01-22 09:33:09', 2.00, 1.50, 999.00),
(1064, 73, 36, 'TOMACORRIENTE AEREO (1 ENTRADA) - TICINO', '', 2.00, 100, '2025-01-22 09:33:57', 4.00, 3.50, 999.00),
(1065, 73, 36, 'TOMACORRIENTE AEREO (3 ENTRADA) - TICINO', '', 4.00, 100, '2025-01-22 09:34:31', 8.00, 7.50, 999.00),
(1066, 74, 36, 'INTERRUPTOR AEREO - WAILET', '', 2.00, 100, '2025-01-22 09:35:50', 4.00, 3.50, 999.00),
(1067, 25, 36, 'ADAPTADOR TRIPLE (BLANCO)', '', 2.00, 100, '2025-01-22 09:36:48', 4.00, 3.50, 999.00),
(1068, 25, 36, 'ADAPTADOR (3 A 2)', '', 2.00, 100, '2025-01-22 09:37:43', 4.00, 3.50, 999.00),
(1069, 25, 36, 'CARBON PARA AMOLADORA ', '', 6.00, 100, '2025-01-22 09:38:39', 10.00, 9.00, 999.00),
(1070, 75, 53, 'ESPATULA 1/2 PULGADA - PROMASTER', '', 1.90, 100, '2025-01-22 09:50:27', 4.00, 3.50, 999.00),
(1071, 25, 36, 'MARTILLO 18 PULGADAS - TRAMONTINA', '', 14.00, 100, '2025-01-22 09:51:59', 24.00, 23.00, 999.00),
(1072, 25, 36, 'LUNA DE SOLDAR TRANSPARENTE', '', 1.10, 98, '2025-01-22 09:52:48', 1.50, 1.40, 999.00),
(1073, 25, 36, 'LUNA DE SOLDAR NEGRA', '', 2.00, 100, '2025-01-22 09:53:13', 3.00, 2.50, 999.00),
(1074, 25, 36, 'WINCHA ALMOS 3M', '', 3.90, 100, '2025-01-22 10:04:01', 8.00, 7.00, 999.00),
(1075, 25, 36, 'WINCHA FIJI 5M', '', 3.80, 99, '2025-01-22 10:05:01', 11.00, 10.00, 999.00),
(1076, 55, 36, 'WINCHA SHUBERT 3M', '', 3.13, 100, '2025-01-22 10:06:04', 8.00, 7.50, 999.00),
(1077, 55, 36, 'WINCHA SHUBERT 5 M', '', 4.42, 100, '2025-01-22 10:07:04', 11.00, 10.00, 999.00),
(1078, 25, 36, 'SUPER GLUE - CHEMMER (PLANCHA)', '', 3.90, 97, '2025-01-22 10:13:26', 9.00, 8.80, 999.00),
(1079, 25, 36, 'SUPER GLUE - CHEMMER (UNIDAD)', '', 0.50, 85, '2025-01-22 10:14:27', 1.10, 1.00, 999.00),
(1080, 55, 43, 'APLICADOR DE SILICONA CROMADO SHUBERT', '', 12.00, 100, '2025-01-22 10:39:37', 19.00, 18.00, 999.00),
(1081, 25, 36, 'ESCOBAS', '', 6.50, 99, '2025-01-22 10:40:19', 12.00, 11.00, 999.00),
(1082, 25, 36, 'RECOGEDOR', '', 2.50, 99, '2025-01-22 10:40:39', 5.00, 4.00, 999.00),
(1083, 25, 36, 'CEPILLO PARA BAÑO', '', 3.00, 100, '2025-01-22 10:41:52', 6.00, 5.50, 999.00),
(1084, 25, 36, 'DESATORADOR DE BAÑO ', '', 4.00, 99, '2025-01-22 10:42:12', 8.00, 7.50, 999.00),
(1085, 76, 36, 'CINTA MASKING TAPE 1/2x30 yds - PEGAFAN', '125 PRECIO CAJA  (90u)(GEOLECTRIC)', 1.00, 100, '2025-01-22 10:57:20', 2.50, 2.30, 999.00),
(1086, 76, 36, 'CINTA MASKING TAPE 1x30 yds - PEGAFAN', '125 PRECIO CAJA (48u)(GEOLECTRIC)\r\n', 2.60, 86, '2025-01-22 10:58:05', 5.00, 4.50, 999.00),
(1087, 76, 36, 'CINTA MASKING TAPE 3/4x30 Yds- PEGAFAN', '125 PRECIO CAJA (60u) (GEOLECTRIC)', 2.10, 94, '2025-01-22 11:02:10', 4.00, 3.50, 999.00),
(1088, 76, 36, 'CINTA MASKING TAPE 2x30 yds - PEGAFAN', '125 POR CAJA (24u)(GEOLECTRIC)', 5.20, 91, '2025-01-22 11:03:30', 9.00, 8.50, 999.00),
(1089, 25, 33, 'GUANTE INDUSTRIAL (8 / 9/ 10)- GOYA', '', 6.43, 97, '2025-01-22 11:21:45', 14.00, 13.00, 999.00),
(1090, 77, 36, 'DISCO DE CORTE 4 1/2 - INECO', '', 1.20, 97, '2025-01-22 11:43:25', 3.50, 3.00, 999.00),
(1091, 77, 31, 'DISCO DE DESBASTE 7 PULGADAS - INCCO', '', 4.80, 100, '2025-01-22 11:44:36', 9.50, 9.00, 999.00),
(1092, 68, 31, 'DISCO DE CORTE 4 1/2 - MAKITA', '', 1.35, 94, '2025-01-22 11:48:27', 4.00, 3.50, 999.00),
(1093, 56, 36, 'CORREDERA LIVIANA 12 PULGADAS - DONGLAI', '', 1.00, 100, '2025-01-22 11:58:43', 5.50, 5.00, 999.00),
(1094, 56, 36, 'CORREDERA LIVIANA 14 PULGADAS - DONGLAI	', '', 1.00, 100, '2025-01-22 11:59:40', 7.00, 6.50, 999.00),
(1095, 25, 36, 'PESTILLO PARA MOTO', '', 3.50, 100, '2025-01-22 12:05:10', 5.00, 4.50, 999.00),
(1096, 63, 27, 'THINNER EXTRA - CYKROM 1 GALON', '', 23.20, 92, '2025-01-22 12:07:49', 35.00, 34.00, 204.00),
(1097, 63, 27, 'THINNER EXTRA - CYKROM 1/2 GALON', '', 1.00, 100, '2025-01-22 12:08:47', 18.00, 17.00, 999.00),
(1098, 63, 27, 'THINNER EXTRA - CYKROM 1/4 GALON', '', 1.00, 100, '2025-01-22 12:09:25', 10.00, 9.00, 999.00),
(1099, 63, 27, 'THINNER EXTRA - CYKROM 1/8 GALON', '', 1.00, 100, '2025-01-22 12:09:42', 6.00, 5.00, 999.00),
(1100, 63, 27, 'THINNER EXTRA - CYKROM 1/16 GALON', '', 1.00, 100, '2025-01-22 12:10:03', 5.00, 4.50, 999.00),
(1101, 63, 27, 'THINNER EXTRA - CYKROM 1/32 GALON', '', 1.00, 100, '2025-01-22 12:10:20', 4.00, 3.50, 999.00),
(1102, 25, 36, 'CLAVO PARA MADERA 2 PULGADAS (C/C) 1 KILO', '160 PRECIO POR CAJA', 5.30, 100, '2025-01-22 12:13:40', 11.00, 10.00, 999.00),
(1103, 25, 36, 'CLAVO PARA MADERA 1 1/2 PULGADAS (C/C) 1 KILO', '180 PRECIO POR CAJA', 6.00, 100, '2025-01-22 12:14:27', 12.00, 11.00, 9999.00),
(1104, 57, 36, 'CUCHILLA PARA CUTER - TRUPER', '', 4.00, 100, '2025-01-22 12:18:36', 10.00, 9.00, 999.00),
(1105, 25, 36, 'JUEGO DE ACOPLES - UYUSTOOLS', '', 10.00, 100, '2025-01-22 12:22:25', 20.00, 19.00, 999.00),
(1106, 61, 36, 'JUEGO DE ACOPLES - KAMASA', '', 14.50, 100, '2025-01-22 12:23:02', 25.00, 24.00, 999.00),
(1107, 25, 36, 'CLAVO PARA MADERA 1 1/2 PULGADAS (S/C) 1 KILO', '180 PRECIO POR CAJA', 6.00, 100, '2025-01-22 12:26:05', 12.00, 11.00, 999.00),
(1108, 25, 36, 'CLAVO PARA MADERA 3/4 PULGADAS (C/C) 1 KILO', '220 PRECIO POR CAJA', 7.40, 100, '2025-01-22 12:26:58', 14.00, 13.00, 999.00),
(1109, 25, 36, 'PISTOLA DE GRAVEDAD VASO PLASTICO (600ml) C&A', '', 48.50, 100, '2025-01-22 12:30:32', 95.00, 90.00, 999.00),
(1110, 57, 36, 'PISTOLA DE GRAVEDAD PARA PINTAR - TRUPER', '', 48.00, 100, '2025-01-22 12:31:35', 95.00, 90.00, 999.00),
(1111, 64, 28, 'RENOVADOR DE MADERA 260ml - TEKNO', '', 12.80, 100, '2025-01-22 12:36:02', 18.00, 17.00, 999.00),
(1112, 66, 36, 'PUNTILLA PZ 2 - DEWALT ', '', 1.00, 100, '2025-01-22 12:38:43', 2.50, 2.00, 999.00),
(1113, 69, 31, 'ESCOBILLA COPA DORADA 3 PULGADAS - KATFEN', '', 3.50, 100, '2025-01-22 12:42:52', 12.00, 11.00, 999.00),
(1114, 25, 31, 'ESCOBILLA REDONDA TRENZADA 5 - UYUSTOOLS', '', 10.00, 100, '2025-01-22 12:45:32', 18.00, 17.00, 999.00),
(1115, 25, 31, 'ESCOBILLA REDONDA LACIA 5  - UYUSTOOLS', '', 10.00, 100, '2025-01-22 12:46:26', 18.00, 17.00, 999.00),
(1119, 25, 36, 'CLAVO PARA MADERA 1 PULGADA (S/C) 1 KILO', '190 PRECIO CAJA', 6.40, 99, '2025-01-22 16:10:08', 12.00, 11.00, 999.00),
(1120, 25, 36, 'CLAVO PARA MADERA 1 PULGADA (C/C) 1 KILO', '190 PRECIO CAJA', 6.40, 100, '2025-01-22 16:10:47', 12.00, 11.00, 999.00),
(1121, 25, 36, 'CLAVO PARA MADERA 2 PULGADAS (S/C) 1 KILO', '160 PRECIO POR CAJA', 5.30, 100, '2025-01-22 16:13:47', 11.00, 10.00, 999.00),
(1122, 25, 36, 'CLAVO PARA MADERA 2 1/2 PULGADAS (C/C) 1 KILO', '160 PRECIO POR CAJA', 5.30, 100, '2025-01-22 16:16:30', 11.00, 10.00, 999.00),
(1123, 25, 36, 'CLAVO PARA MADERA 2 1/2 PULGADAS (S/C) 1 KILO', '160 PRECIO POR CAJA\r\n', 5.30, 100, '2025-01-22 16:16:56', 11.00, 10.00, 999.00),
(1124, 25, 36, 'CLAVO PARA MADERA 3 PULGADAS (C/C) 1 KILO', '160 PRECIO POR CAJA', 5.30, 100, '2025-01-22 16:17:33', 11.00, 10.00, 999.00),
(1125, 25, 36, 'CLAVO PARA MADERA 3 PULGADAS (S/C) 1 KILO', '160 PRECIO POR CAJA', 5.30, 100, '2025-01-22 16:18:21', 11.00, 10.00, 999.00),
(1126, 25, 36, 'CLAVO PARA MADERA 3/4 PULGADAS (S/C) 1 KILO', '220 PRECIO POR CAJA', 7.40, 100, '2025-01-22 16:22:24', 14.00, 13.00, 999.00),
(1127, 25, 36, 'CLAVO PARA CALAMINA - SENDA 1 KILO', '130 PESO POR CAJA', 5.20, 100, '2025-01-22 16:23:13', 12.00, 11.00, 999.00),
(1128, 25, 36, 'CLAVO PARA CALAMINA - ACEROS AREQUIPA 1 KILO', '140 PRECIO POR CAJA', 5.60, 100, '2025-01-22 16:23:52', 13.00, 12.00, 999.00),
(1129, 25, 36, 'ALAMBRE GALVANIZADO 8', '280 PRECIO POR PAQUETE ', 5.60, 100, '2025-01-22 16:26:24', 14.00, 13.00, 999.00),
(1130, 25, 36, 'ALAMBRE GALVANIZADO 10', '280 PRECIO POR PAQUETE ', 5.60, 100, '2025-01-22 16:26:57', 14.00, 13.00, 999.00),
(1131, 25, 36, 'ALAMBRE GALVANIZADO 12', '280 PRECIO POR PAQUETE ', 5.60, 100, '2025-01-22 16:27:32', 14.00, 13.00, 999.00),
(1132, 25, 36, 'ALAMBRE GALVANIZADO 14', '290 PRECIO POR PAQUETE ', 5.80, 100, '2025-01-22 16:28:09', 15.00, 14.00, 999.00),
(1133, 25, 36, 'ALAMBRE GALVANIZADO 16', '310 PRECIO POR PAQUETE ', 6.20, 100, '2025-01-22 16:28:46', 15.00, 14.00, 999.00),
(1134, 25, 36, 'ALAMBRE GALVANIZADO 18', '380 PRECIO POR PAQUETE ', 7.60, 100, '2025-01-22 16:29:25', 15.00, 14.00, 999.00),
(1135, 25, 36, 'ALAMBRE GALVANIZADO 22', '150 PRECIO POR PAQUETE ', 6.00, 100, '2025-01-22 16:30:12', 14.00, 13.00, 999.00),
(1136, 27, 39, 'MASILLA PARA MADERA 1 KILO - LOSARO', '', 1.45, 100, '2025-01-22 16:48:02', 4.50, 4.00, 999.00),
(1137, 27, 39, 'MASILLA PARA PARED 1 KILO LOSARO', '', 1.45, 100, '2025-01-22 16:48:39', 4.50, 4.00, 999.00),
(1138, 27, 36, 'ALQUITRAN - LOSARO 1 GALON (3.5 Litros)', '', 19.20, 1000, '2025-01-22 16:51:06', 30.00, 29.00, 999.00),
(1139, 27, 36, 'SODA CAUSTICA - LOSARO 1/2 KILO', '', 3.90, 96, '2025-01-22 16:52:57', 9.00, 8.00, 999.00),
(1140, 27, 39, 'MASILLA DRIYWALL - LOSARO (5 KILOS)', '', 6.30, 99, '2025-01-22 16:57:23', 12.00, 11.00, 999.00),
(1141, 25, 27, 'THINNER ACRILICO A GRANEL 1 GALON', '', 13.50, 94, '2025-01-22 17:04:28', 17.00, 16.50, 999.00),
(1142, 25, 27, 'THINNER ACRILICO A GRANEL 1/2 GALON', '', 1.00, 94, '2025-01-22 17:05:34', 9.00, 8.50, 999.00),
(1143, 25, 27, 'THINNER ACRILICO A GRANEL 1/4 GALON', '', 1.00, 84, '2025-01-22 17:06:19', 6.00, 5.00, 999.00),
(1144, 25, 27, 'THINNER ACRILICO A GRANEL 1/8 GALON', '', 1.00, 99, '2025-01-22 17:06:44', 3.50, 3.00, 999.00),
(1145, 25, 27, 'THINNER ACRILICO A GRANEL 1/16 GALON', '', 1.00, 100, '2025-01-22 17:07:05', 3.00, 2.50, 999.00),
(1146, 25, 27, 'THINNER ACRILICO A GRANEL 1/32 GALON', '', 1.00, 100, '2025-01-22 17:07:28', 2.00, 1.50, 999.00),
(1147, 25, 27, 'THINNER AUTOMOTRIZ A GRANEL 1 GALON', '', 14.50, 90, '2025-01-22 17:09:32', 18.00, 17.50, 999.00),
(1148, 25, 27, 'THINNER AUTOMOTRIZ A GRANEL 1/2 GALON', '', 1.00, 100, '2025-01-22 17:11:14', 10.00, 9.50, 999.00),
(1149, 25, 27, 'THINNER AUTOMOTRIZ A GRANEL 1/4 GALON', '', 1.00, 100, '2025-01-22 17:11:29', 7.00, 6.50, 999.00),
(1150, 25, 27, 'THINNER AUTOMOTRIZ A GRANEL 1/8 GALON', '', 1.00, 99, '2025-01-22 17:11:43', 4.00, 3.50, 999.00),
(1151, 25, 27, 'THINNER AUTOMOTRIZ A GRANEL 1/16 GALON', '', 1.00, 100, '2025-01-22 17:11:57', 3.00, 2.50, 999.00),
(1152, 25, 27, 'THINNER AUTOMOTRIZ A GRANEL 1/32 GALON', '', 1.00, 100, '2025-01-22 17:12:11', 2.00, 1.50, 999.00),
(1153, 30, 32, 'LACA SELLADORA A GRANEL - ISAA 1 GALON', '', 29.00, 87, '2025-01-22 17:20:26', 40.00, 39.00, 999.00),
(1154, 30, 32, 'LACA SELLADORA A GRANEL - ISAA 1/2 GALON', '', 1.00, 99, '2025-01-22 17:21:07', 21.00, 20.00, 999.00),
(1155, 30, 32, 'LACA SELLADORA A GRANEL - ISAA 1/4 GALON', '', 1.00, 100, '2025-01-22 17:21:32', 11.00, 10.00, 999.00),
(1156, 30, 32, 'LACA SELLADORA A GRANEL - ISAA 1/8 GALON', '', 1.00, 100, '2025-01-22 17:21:48', 6.00, 5.00, 999.00),
(1157, 30, 32, 'LACA SELLADORA A GRANEL - ISAA 1/16 GALON', '', 1.00, 100, '2025-01-22 17:22:23', 4.00, 3.50, 999.00),
(1158, 30, 32, 'LACA SELLADORA A GRANEL - ISAA 1/32 GALON', '', 1.00, 100, '2025-01-22 17:22:50', 3.50, 3.00, 999.00),
(1159, 25, 10, 'RESINA UG500 - 1 KILO - SAN GABRIEL', '', 7.50, 99, '2025-01-22 17:25:08', 11.00, 10.00, 999.00),
(1160, 25, 10, 'RESINA UG500 - 1/2 KILO - SAN GABRIEL', '', 1.00, 100, '2025-01-22 17:26:09', 6.00, 5.50, 999.00),
(1161, 25, 10, 'RESINA UG500 - 1/4 KILO - SAN GABRIEL', '', 1.00, 100, '2025-01-22 17:26:28', 4.00, 3.50, 999.00),
(1162, 25, 36, 'PIEDRAS PARA TALADRO (VASTAGO DE 1/4) - PRETUL', '', 5.50, 100, '2025-01-22 17:32:40', 20.00, 19.00, 999.00),
(1163, 25, 36, 'LLAVE MIXTA 11mm C&A', '', 1.50, 100, '2025-01-22 17:33:50', 3.50, 3.00, 999.00),
(1164, 25, 42, 'CANDADO AMARILLO 32mm', '', 2.50, 100, '2025-01-22 17:35:01', 8.00, 7.50, 999.00),
(1165, 25, 42, 'CANDADO AMARILLO 38mm	', '', 3.00, 100, '2025-01-22 17:35:33', 10.00, 9.00, 999.00),
(1166, 25, 36, 'CASCO PARA SOLDAR NEGRO', '', 8.50, 100, '2025-01-22 17:36:14', 20.00, 19.00, 999.00),
(1167, 65, 36, 'CATALIZADOR PARA MASILLA PLASTICA - TAMSA', '', 2.60, 97, '2025-01-22 17:42:14', 5.00, 4.80, 999.00),
(1168, 29, 26, 'CATALIZADOR EPOXICO -  DURON 1 GALON', '', 79.50, 100, '2025-01-22 17:54:27', 99.00, 98.00, 999.00),
(1169, 29, 10, 'BASE EPOXICA GRIS - DURON 1 GALON', '', 79.50, 100, '2025-01-22 17:56:14', 99.00, 98.00, 999.00),
(1170, 29, 10, '1/2 JUEGO BASE EPOXICA -  DURON ', '', 1.00, 100, '2025-01-22 17:58:08', 123.00, 120.00, 999.00);
INSERT INTO `tb_producto` (`idProducto`, `idMarca`, `idTipoProducto`, `nombreProducto`, `descripciónProducto`, `precioCompra`, `stock`, `update_adt`, `precioNormal`, `precioMinimo`, `precioPaquete`) VALUES
(1171, 29, 26, '1/4 JUEGO BASE EPOXICA -  DURON', '', 1.00, 100, '2025-01-22 17:58:28', 63.00, 60.00, 999.00),
(1172, 25, 35, 'LIJA TELA ESMERIL 40 (1 METRO) - ABRACOL', '', 11.30, 99, '2025-01-22 18:01:12', 17.00, 16.50, 999.00),
(1173, 25, 35, 'LIJA TELA ESMERIL 40 (1/2 METRO) - ABRACOL', '', 1.00, 99, '2025-01-22 18:02:03', 8.50, 8.00, 999.00),
(1174, 25, 35, 'LIJA TELA ESMERIL 40 (1/4 METRO) - ABRACOL', '', 1.00, 100, '2025-01-22 18:02:36', 4.50, 4.00, 999.00),
(1175, 64, 34, 'COLA CLASICA 5 GALONES - TEKNO', '', 100.00, 100, '2025-01-23 08:36:48', 135.00, 130.00, 999.00),
(1176, 41, 47, 'DISOLVENTE DD NF - CHEMISA (FONDO LIJABLE) 1/2 GAL', '', 1.00, 100, '2025-01-23 08:59:54', 22.50, 22.00, 999.00),
(1177, 41, 47, 'DISOLVENTE DD NF - CHEMISA (FONDO LIJABLE) 1/4 GAL', '', 1.00, 100, '2025-01-23 09:00:12', 13.00, 12.00, 999.00),
(1178, 41, 47, '1/2 JUEGO FONDO LIJABLE - CHEMISA ', '', 1.00, 100, '2025-01-23 09:02:33', 115.00, 113.00, 999.00),
(1179, 41, 47, '1/4 JUEGO FONDO LIJABLE - CHEMISA ', '', 1.00, 99, '2025-01-23 09:03:02', 60.00, 59.00, 999.00),
(1180, 28, 26, '1/2 JUEGO BARNIZ DD - ANYPSA ', '', 1.00, 100, '2025-01-23 09:10:07', 140.00, 137.50, 999.00),
(1181, 28, 26, '1/4 JUEGO BARNIZ DD - ANYPSA ', '', 1.00, 100, '2025-01-23 09:10:23', 70.00, 67.50, 999.00),
(1182, 28, 26, '1/8 JUEGO BARNIZ DD - ANYPSA ', '', 1.00, 100, '2025-01-23 09:10:46', 35.00, 34.00, 999.00),
(1183, 28, 26, '1/16 JUEGO BARNIZ DD - ANYPSA ', '', 1.00, 100, '2025-01-23 09:11:10', 18.00, 17.50, 999.00),
(1184, 63, 46, 'BARNIZ DD (Parte B) - CYKROM 1 GALON', '', 72.00, 96, '2025-01-23 09:13:25', 82.00, 81.00, 999.00),
(1185, 63, 46, 'BARNIZ DD (Parte B) - CYKROM 1/2 GALON', '', 1.00, 99, '2025-01-23 09:13:46', 42.00, 41.00, 999.00),
(1186, 63, 46, 'BARNIZ DD (Parte B) - CYKROM 1/4 GALON', '', 1.00, 100, '2025-01-23 09:14:17', 21.00, 20.00, 999.00),
(1187, 63, 46, 'BARNIZ DD (Parte B) - CYKROM 1/8 GALON', '', 1.00, 100, '2025-01-23 09:14:39', 11.00, 10.00, 999.00),
(1188, 63, 46, 'BARNIZ DD (Parte B) - CYKROM 1/16 GALON', '', 1.00, 100, '2025-01-23 09:14:55', 6.00, 5.00, 999.00),
(1189, 28, 26, '1/2 JUEGO BASE EPOXICO TITANIC', '', 1.00, 100, '2025-01-23 09:23:06', 130.00, 127.50, 999.00),
(1190, 28, 26, '1/4 JUEGO BASE EPOXICO TITANIC', '', 1.00, 100, '2025-01-23 09:25:58', 70.00, 67.50, 200.00),
(1192, 75, 52, 'BROCHA MASTER PROFESIONAL 1 1/2 PULGADA ', '', 1.40, 100, '2025-01-23 11:24:15', 4.00, 3.80, 999.00),
(1193, 75, 52, 'BROCHA MASTER PROFESIONAL 2 1/2 PULGADA ', '', 2.20, 100, '2025-01-23 11:24:48', 6.00, 5.50, 999.00),
(1194, 75, 36, 'CINTA MASKING TAPE AZUL 3/4 x 40 YD - CUBREMAX', '', 3.20, 98, '2025-01-23 11:29:14', 6.50, 6.00, 999.00),
(1195, 75, 36, 'CINTA MASKING TAPE AZUL 1 x 40 YD - CUBREMAX	', '', 4.20, 100, '2025-01-23 11:30:48', 8.50, 8.00, 999.00),
(1196, 75, 36, 'CUTER PROFESIONAL KAMIKAZE', '', 2.00, 100, '2025-01-23 11:33:12', 6.00, 5.50, 999.00),
(1197, 75, 36, 'PISTOLA PARA SALCHICHA (ALUMINIO)', '', 16.00, 100, '2025-01-23 11:34:40', 32.00, 30.00, 999.00),
(1198, 75, 36, 'ESPATULA PLASTICA AMARILLA PARA MASILLA', '', 2.50, 100, '2025-01-23 11:39:35', 5.00, 4.00, 999.00),
(1199, 75, 10, 'ESPATULA DE SILICONA VERDE PARA MASILLA', '', 3.00, 100, '2025-01-23 11:40:18', 6.00, 5.00, 999.00),
(1200, 75, 36, 'CINTA DOBLE CONTACTO 3/4 x 2.5m CUBREMAX', '', 2.50, 100, '2025-01-23 11:42:22', 6.00, 5.50, 999.00),
(1201, 75, 36, 'CINTA SUPERNANO DOBLE CARA 1x3m CUBREMAX', '', 4.20, 100, '2025-01-23 11:43:41', 9.00, 8.00, 999.00),
(1202, 75, 36, 'CINTA ANTIDESLIZANTE AMARILLA 2x18m - CUBREMAX', '', 24.00, 100, '2025-01-23 11:45:11', 50.00, 48.00, 999.00),
(1203, 76, 36, 'CINTA MASKING TAPE 1 1/2x40 yds - PEGAFAN', '155 PRECIO CAJA (30u)(GEOLECTRIC)', 5.17, 95, '2025-01-23 12:00:13', 7.50, 7.00, 999.00),
(1204, 25, 10, 'PAGO DE CUENTA ', '', 0.10, 99976, '2025-01-23 12:15:31', 0.30, 0.20, 1.00),
(1205, 25, 36, 'CHAPA VOLS WAGEN ', '', 22.00, 100, '2025-01-23 12:34:57', 28.00, 26.00, 999.00),
(1206, 25, 36, 'VISAGRA PARA MOTO 3x3 (PACK 12 UNIDADES)', '', 18.00, 100, '2025-01-23 16:40:43', 28.00, 27.00, 999.00),
(1214, 60, 52, 'BROCHA TUMI 1/2 PULGADA	', '', 3.37, 100, '2025-01-25 10:14:13', 7.00, 6.50, 999.00),
(1215, 60, 30, 'BROCHA TUMI 3/4 PULGADA	', '', 3.59, 100, '2025-01-25 10:14:35', 9.00, 8.50, 999.00),
(1216, 60, 52, 'BROCHA TUMI 5 PULGADAS', '', 38.00, 100, '2025-01-25 10:17:33', 50.00, 48.00, 999.00),
(1217, 60, 52, 'BROCHA TUMI 6 PULGADAS', '', 48.00, 100, '2025-01-25 10:18:00', 58.00, 56.00, 999.00),
(1218, 25, 28, 'PLASTICO AZUL 1.5 METROS ', '', 1.00, 100, '2025-01-25 10:19:42', 5.50, 5.00, 200.00),
(1219, 25, 36, 'PLASTICO AZUL 1 METROS ', '', 1.00, 73, '2025-01-25 10:20:06', 3.50, 3.00, 999.00),
(1220, 25, 36, 'SOLDIMIX - CLASICO 10min', '', 7.80, 100, '2025-01-25 10:25:20', 12.00, 11.50, 999.00),
(1221, 25, 36, 'SOLDIMIX - CARGA MAXIMA', '', 10.50, 100, '2025-01-25 10:26:17', 16.50, 16.00, 999.00),
(1222, 25, 36, 'SOLDIMIX - DETALLES 5min', '', 9.50, 100, '2025-01-25 10:26:43', 15.00, 14.50, 999.00),
(1223, 25, 36, 'SOLDIMIX - EXTRA FUERTE', '', 7.80, 100, '2025-01-25 10:27:10', 12.00, 11.50, 999.00),
(1224, 25, 36, 'CERRUCHO C&A 20 PULGADAS', '', 6.53, 100, '2025-01-25 10:28:58', 17.00, 16.50, 999.00),
(1225, 25, 36, 'ALICATE DE CORTE UYULTOOLS', '', 1.00, 100, '2025-01-25 10:31:48', 12.00, 10.00, 999.00),
(1226, 25, 36, 'PIEDRAS PARA TALADRO (VASTAGO DE 3mm) - PRETUL', '', 7.00, 100, '2025-01-25 10:35:45', 12.00, 11.00, 999.00),
(1227, 25, 36, 'LLAVE MANDRIL TOOLMAX', '', 4.50, 100, '2025-01-25 10:36:43', 8.00, 7.50, 999.00),
(1228, 25, 36, 'TIRALINEA - ANDINO', '', 6.00, 100, '2025-01-25 10:37:57', 12.00, 11.00, 999.00),
(1229, 25, 36, 'TIRA LED LEOVANS', '', 10.00, 100, '2025-01-25 10:38:36', 20.00, 15.00, 999.00),
(1230, 55, 36, 'TENAZA TIERRA - SHUBERT', '', 8.00, 100, '2025-01-25 10:40:37', 15.00, 14.00, 999.00),
(1231, 61, 36, 'LIMA KAMASA ', '28 PRECIO PAQUETE', 5.60, 100, '2025-01-25 10:43:21', 10.00, 9.00, 42.00),
(1232, 25, 36, 'JUEGO DE FORMONES (3 Pzs) ', '', 15.00, 100, '2025-01-25 10:44:29', 25.00, 24.00, 999.00),
(1233, 59, 31, 'DISCO DE CORTE 7 PULGADAS - NORTON', '', 7.70, 99, '2025-01-25 10:46:54', 10.00, 9.80, 999.00),
(1234, 25, 31, 'DISCO DE CORTE 7 PULGADAS - BRIKER', '', 5.50, 100, '2025-01-25 10:48:57', 7.00, 6.80, 999.00),
(1235, 59, 31, 'DISCO FLAP 7 - GRANO 40 - NORTON', '', 16.00, 100, '2025-01-25 10:50:02', 25.00, 24.00, 999.00),
(1236, 25, 35, 'LIJA CIRCULAR CON PEGA PEGA 7 PULGADAS', '', 1.50, 99, '2025-01-25 10:52:54', 3.00, 2.90, 999.00),
(1237, 78, 36, 'CINTA DE DOBLE CONTACTO 3  MTS MOUNTING', '', 2.50, 100, '2025-01-25 10:57:06', 6.00, 5.50, 999.00),
(1238, 78, 36, 'CINTA DE DOBLE CONTACTO 2 MTS MOUNTING', '', 1.50, 100, '2025-01-25 10:58:05', 3.50, 3.00, 999.00),
(1239, 25, 36, 'BORLAS KATTITA  (MOTA) 4 1/2 PULGADAS', '', 6.00, 100, '2025-01-25 10:58:43', 12.00, 11.00, 999.00),
(1240, 25, 36, 'BORLAS KATTITA (MOTA) 7 PULGADAS', '', 11.00, 100, '2025-01-25 10:59:21', 20.00, 19.00, 999.00),
(1241, 25, 31, 'DISCO DE PLASTICO PARA AMOLADORA 7 (CON LIJAS)', '', 12.00, 100, '2025-01-25 11:07:26', 22.00, 21.00, 999.00),
(1242, 25, 31, 'DISCO DE PLASTICO PARA AMOLADORA 7 (SOLO)', '', 8.00, 100, '2025-01-25 11:07:52', 15.00, 14.00, 999.00),
(1243, 25, 31, 'DISCO DE PLASTICO PARA AMOLADORA 4 1/2 (CON LIJAS)', '', 8.00, 100, '2025-01-25 11:45:59', 15.00, 14.00, 999.00),
(1244, 25, 31, 'DISCO DE PLASTICO PARA AMOLADORA 4 1/2 (SOLO)', '', 4.50, 100, '2025-01-25 11:46:12', 8.00, 7.00, 999.00),
(1245, 25, 36, 'DISCO DE MADERA 4 1/2 - DENACET', '', 4.50, 100, '2025-01-25 11:51:23', 12.00, 11.00, 999.00),
(1246, 59, 31, 'DISCO DIAMANTADO 4 1/2 - NORTON', '', 8.00, 100, '2025-01-25 11:52:15', 15.00, 14.00, 999.00),
(1247, 25, 36, 'JUEGO DE BROCAS SIERRA - PRETUL', '', 10.00, 100, '2025-01-25 11:54:53', 20.00, 19.00, 999.00),
(1248, 25, 36, 'LUZ DE FRENO PARA MOTO', '', 8.00, 100, '2025-01-25 11:55:46', 15.00, 14.00, 999.00),
(1249, 25, 36, 'SURGE PROTECTOR - KAMELY', '', 8.00, 100, '2025-01-25 11:57:16', 14.00, 13.00, 999.00),
(1250, 25, 36, 'PASTA DE SOLDAR Y ESTAÑO', '', 4.00, 100, '2025-01-25 11:59:20', 8.00, 7.00, 999.00),
(1251, 25, 36, 'PEGAMENTO PARA RATA', '', 2.00, 100, '2025-01-25 12:02:15', 5.00, 4.00, 99.00),
(1252, 25, 36, 'TRIZ PEGAMENTO INSTANTANEO', '', 4.00, 100, '2025-01-25 12:03:17', 6.00, 5.50, 999.00),
(1253, 25, 36, 'PILAS PANASONIC AAA (PAR)', '', 100.00, 100, '2025-01-25 12:08:20', 110.00, 105.00, 200.00),
(1254, 25, 36, 'BATERIA TOSHIBA A ', '28 PRECIO CAJA', 2.80, 100, '2025-01-25 12:12:24', 5.50, 5.00, 999.00),
(1255, 25, 36, 'ENCENDEDOR ', '15 PRECIO CAJA', 0.30, 99, '2025-01-25 12:14:04', 2.00, 1.50, 999.00),
(1256, 25, 36, 'COLADOR PARA PINTURA - WURTH', '', 1.30, 96, '2025-01-25 12:15:02', 2.50, 2.00, 999.00),
(1257, 25, 36, 'CERRADURA CANTOL 250', '', 70.00, 100, '2025-01-25 12:19:55', 95.00, 92.00, 999.00),
(1258, 25, 36, 'PISTOLA DE GRAVEDAD VASO ALUMINIO (400ml) C&A', '', 37.14, 99, '2025-01-25 12:31:11', 85.00, 80.00, 999.00),
(1259, 79, 36, 'RODILLO MASTER EPOXICO 3 PULGADAS', '', 4.00, 99, '2025-01-25 15:17:44', 10.00, 9.50, 999.00),
(1260, 79, 36, 'RODILLO MASTER EPOXICO 9 PULGADAS', '', 8.50, 100, '2025-01-25 15:19:18', 18.00, 17.50, 999.00),
(1261, 79, 36, 'RODILLO MASTER ANTIGOTA 9 PULGADAS', '', 9.50, 100, '2025-01-25 15:21:29', 19.00, 18.50, 999.00),
(1262, 79, 10, 'RODILLO CARNERO MERINO 9 PULGADAS', '', 10.00, 100, '2025-01-25 15:22:58', 20.00, 19.00, 999.00),
(1263, 79, 36, 'RODILLO MASTER 12 PULGADAS', '', 9.50, 100, '2025-01-25 15:26:35', 19.00, 18.00, 999.00),
(1264, 25, 36, 'ESPONJA DOBLE USO - PULEX', '', 0.67, 100, '2025-01-25 15:27:39', 2.00, 1.50, 999.00),
(1265, 50, 36, 'LIMPIA PARABRISA 1 GALON - VISTONY', '', 11.68, 100, '2025-01-25 15:32:28', 32.00, 30.00, 999.00),
(1266, 25, 36, 'COLA SINTETICA ULTRA  - GLUCON', '', 25.00, 100, '2025-01-25 16:59:39', 40.00, 38.00, 999.00),
(1267, 25, 36, 'RAFIA HALCON 1 KILO', '', 5.00, 100, '2025-01-25 17:00:17', 10.00, 9.00, 999.00),
(1268, 25, 36, 'RAFIA HALCON 3 KILOS', '', 14.00, 100, '2025-01-25 17:01:40', 28.00, 26.00, 999.00),
(1269, 25, 36, 'DRIZA 5/32 HALCON 1 KILO', '', 15.00, 100, '2025-01-25 17:02:28', 25.00, 23.00, 999.00),
(1270, 25, 33, 'GUANTES DE CUERO PARA SOLDAR CORTOS', '', 10.00, 100, '2025-01-25 17:10:58', 15.00, 14.00, 999.00),
(1271, 25, 33, 'GUANTES DE CUERO PARA SOLDAR LARGOS', '', 18.00, 100, '2025-01-25 17:11:31', 25.00, 24.00, 999.00),
(1272, 49, 10, 'PL 285 500 ml - AFIX', '', 13.62, 100, '2025-01-25 17:14:50', 22.00, 19.50, 999.00),
(1273, 49, 10, 'PL 285 250 ml - AFIX', '', 8.15, 100, '2025-01-25 17:15:12', 17.00, 16.50, 999.00),
(1274, 49, 10, 'PL 285 130 ml - AFIX', '', 5.38, 100, '2025-01-25 17:15:32', 10.00, 9.50, 999.00),
(1275, 25, 33, 'GUANTE ANTICORTE ROJO', '', 3.16, 100, '2025-01-25 17:25:38', 8.00, 7.00, 999.00),
(1276, 25, 33, 'GUANTE NITRON AZUL', '', 9.00, 98, '2025-01-25 17:26:20', 15.00, 14.00, 999.00),
(1277, 25, 33, 'GUANTE BADANA', '', 7.00, 100, '2025-01-25 17:26:49', 12.00, 11.00, 999.00),
(1278, 28, 26, 'BASE EPOXICO TITANIC 1 GALON', '', 88.50, 100, '2025-01-25 17:32:06', 107.50, 107.00, 999.00),
(1279, 28, 26, 'BASE EPOXICO TITANIC 1/2 GALON', '', 1.00, 100, '2025-01-25 17:33:55', 55.00, 54.50, 999.00),
(1280, 28, 26, 'BASE EPOXICO TITANIC 1/4 GALON', '', 1.00, 100, '2025-01-25 17:34:12', 28.50, 28.00, 999.00),
(1281, 28, 26, 'CATALIZADOR EPOXICO 1/4 GALON - TITANIC', '', 1.00, 100, '2025-01-25 17:39:26', 28.50, 28.00, 999.00),
(1282, 28, 26, 'DISOLVENTE EPOXICO 1/2 GALON - TITANIC ', '', 1.00, 100, '2025-01-25 17:41:10', 24.00, 23.00, 999.00),
(1283, 28, 26, 'DISOLVENTE EPOXICO 1/4 GALON - TITANIC ', '', 1.00, 100, '2025-01-25 17:41:25', 13.00, 12.50, 999.00),
(1284, 32, 46, 'BARNIZ MARINO (MATE) - PARACAS 1 GALON', 'PROMOCION (56.91)', 66.98, 100, '2025-01-27 10:47:29', 90.00, 89.00, 356.00),
(1285, 32, 46, 'BARNIZ MARINO (MATE) - PARACAS 1/2 GALON', '', 1.00, 100, '2025-01-27 10:47:43', 46.00, 45.00, 999.00),
(1286, 32, 46, 'BARNIZ MARINO (MATE) - PARACAS 1/4 GALON', '', 1.00, 100, '2025-01-27 10:48:00', 24.00, 23.00, 999.00),
(1287, 32, 46, 'BARNIZ MARINO (MATE) - PARACAS 1/8 GALON', '', 1.00, 100, '2025-01-27 10:48:23', 14.00, 13.00, 999.00),
(1288, 32, 46, 'BARNIZ MARINO (MATE) - PARACAS 1/16 GALON', '', 1.00, 100, '2025-01-27 10:48:39', 7.00, 6.00, 999.00),
(1289, 32, 46, 'BARNIZ MARINO (MATE) - PARACAS 1/32 GALON', '', 1.00, 100, '2025-01-27 10:48:58', 6.00, 5.00, 999.00),
(1290, 64, 46, 'BARNIZ MARINO - TEKNO 1 GALON', 'PROMOCION (67.7)', 81.59, 100, '2025-01-27 10:49:52', 95.00, 94.00, 999.00),
(1291, 64, 46, 'BARNIZ MARINO - TEKNO 1/2 GALON', '', 1.00, 100, '2025-01-27 10:50:06', 49.00, 48.50, 999.00),
(1292, 64, 46, 'BARNIZ MARINO - TEKNO 1/4 GALON', '', 1.00, 100, '2025-01-27 10:50:20', 26.00, 25.00, 999.00),
(1293, 64, 46, 'BARNIZ MARINO - TEKNO 1/8 GALON', '', 1.00, 100, '2025-01-27 10:50:37', 15.00, 14.00, 999.00),
(1294, 64, 46, 'BARNIZ MARINO - TEKNO 1/16 GALON', '', 1.00, 100, '2025-01-27 10:50:53', 9.00, 8.00, 999.00),
(1295, 64, 46, 'BARNIZ MARINO - TEKNO 1/32 GALON', '', 1.00, 100, '2025-01-27 10:52:16', 7.00, 6.00, 999.00),
(1296, 64, 46, 'BARNIZ MARINO (DOBLE ACCION) - TEKNO 1 GALON', '', 106.00, 100, '2025-01-27 11:04:22', 126.00, 125.00, 999.00),
(1297, 64, 46, 'BARNIZ MARINO (DOBLE ACCION) - TEKNO 1/2 GALON', '', 1.00, 100, '2025-01-27 11:04:37', 65.00, 64.00, 999.00),
(1298, 64, 46, 'BARNIZ MARINO (DOBLE ACCION) - TEKNO 1/4 GALON', '', 1.00, 100, '2025-01-27 11:04:53', 35.00, 34.00, 999.00),
(1299, 64, 46, 'BARNIZ MARINO (DOBLE ACCION) - TEKNO 1/8 GALON', '', 1.00, 100, '2025-01-27 11:05:07', 18.00, 17.00, 999.00),
(1300, 64, 46, 'BARNIZ MARINO (DOBLE ACCION) - TEKNO 1/16 GALON', '', 1.00, 100, '2025-01-27 11:05:27', 10.00, 9.00, 999.00),
(1301, 64, 46, 'BARNIZ MARINO (DOBLE ACCION) - TEKNO 1/32 GALON', '', 1.00, 100, '2025-01-27 11:05:45', 7.00, 6.00, 999.00),
(1302, 25, 36, 'COBALTO 1 KILO', '', 41.00, 100, '2025-01-27 11:42:58', 50.00, 48.00, 999.00),
(1303, 25, 36, 'COBALTO 1/8 GALON', '', 1.00, 100, '2025-01-27 11:43:18', 25.00, 24.00, 999.00),
(1304, 25, 36, 'COBALTO 1/16 GALON', '', 1.00, 100, '2025-01-27 11:43:34', 13.00, 12.50, 999.00),
(1305, 25, 36, 'COBALTO 1/32 GALON', '', 1.00, 100, '2025-01-27 11:44:38', 8.00, 7.00, 999.00),
(1306, 25, 36, 'PEROXIDO 1 KILO', '', 20.00, 99, '2025-01-27 11:46:21', 28.00, 27.00, 999.00),
(1307, 25, 36, 'PEROXIDO 1/8 GALON', '', 1.00, 100, '2025-01-27 11:46:38', 15.00, 14.00, 999.00),
(1308, 25, 36, 'PEROXIDO 1/16 GALON ', '', 1.00, 100, '2025-01-27 11:47:15', 8.00, 7.00, 999.00),
(1309, 25, 36, 'PEROXIDO 1/32 GALON ', '', 1.00, 98, '2025-01-27 11:47:31', 6.00, 5.00, 999.00),
(1310, 25, 36, 'CINTA AISLANTE GRANDE NEGRA - 3M', '', 3.10, 99, '2025-01-27 11:54:58', 7.00, 6.50, 999.00),
(1311, 25, 36, 'CINTA AISLANTE PEQUEÑA NEGRA - 3M', '', 1.45, 100, '2025-01-27 11:56:22', 4.00, 3.00, 999.00),
(1312, 25, 36, 'CINTA AISLANTE ASAFLEX GRANDE ', '', 1.50, 100, '2025-01-27 11:57:26', 5.00, 4.50, 999.00),
(1313, 25, 36, 'CINTA AISLANTE ASAFLEX PEQUEÑA ', '', 0.50, 100, '2025-01-27 11:58:12', 2.00, 1.50, 999.00),
(1314, 25, 36, 'CINTA AISLANTE ASAFLEX GRANDE (COLORES)', '', 2.00, 100, '2025-01-27 11:59:07', 7.00, 6.00, 999.00),
(1315, 55, 36, 'LLAVE FRANCESA 10 - SHUBERT', '', 10.00, 100, '2025-01-27 12:05:03', 20.00, 19.00, 999.00),
(1316, 25, 36, 'DUCHA ELECTRICA 3T - OVNI', '', 37.00, 100, '2025-01-27 12:06:09', 55.00, 54.00, 999.00),
(1317, 55, 36, 'LLAVE FRANCESA 8 - SHUBERT', '', 6.94, 100, '2025-01-27 12:06:27', 13.00, 12.00, 999.00),
(1318, 55, 36, 'LLAVE FRANCESA 12 - SHUBERT', '', 14.07, 100, '2025-01-27 12:06:43', 25.00, 24.00, 999.00),
(1319, 25, 36, 'PORTA ELECTRODO 600A - ASAKI   ', '', 8.00, 100, '2025-01-27 12:12:32', 18.00, 17.00, 999.00),
(1320, 25, 36, 'CANDADO HIERRO NIQUELEADO ANTIPALANCA 74mm C&A', '', 18.00, 99, '2025-01-27 12:14:52', 40.00, 38.00, 999.00),
(1321, 25, 33, 'GUNATE TELA GOMA PLOMO', '', 3.00, 100, '2025-01-27 12:15:57', 5.00, 4.50, 999.00),
(1322, 25, 36, 'EMBASE 5 GALONES', '', 6.50, 100, '2025-01-27 12:23:17', 9.50, 9.00, 999.00),
(1323, 25, 36, 'MEDIDOR DIGITAL OPALUX', '', 38.00, 100, '2025-01-27 12:24:23', 55.00, 54.00, 9999.00),
(1324, 25, 36, 'MEDIDOR DIGITAL PORTIZA', '', 20.00, 100, '2025-01-27 12:25:07', 35.00, 34.00, 999.00),
(1325, 25, 36, 'MARCADOR PERMANENTE DELGADO', '', 1.50, 98, '2025-01-27 12:34:18', 3.00, 2.80, 999.00),
(1326, 25, 36, 'MARCADOR PERMANENTE GRUESO', '', 2.50, 99, '2025-01-27 12:36:59', 4.00, 3.80, 999.00),
(1327, 25, 36, 'CORRECTOR ', '', 1.00, 100, '2025-01-27 12:38:33', 2.00, 1.50, 999.00),
(1328, 25, 36, 'TIZA CALDERO', '', 0.50, 100, '2025-01-27 12:39:04', 1.00, 0.90, 999.00),
(1329, 25, 36, 'TIZA BLANCA', 'PRECIO CAJA 6', 0.10, 100, '2025-01-27 12:41:32', 0.30, 0.20, 12.00),
(1330, 25, 36, 'LAPIZ JUMBO', '', 1.00, 100, '2025-01-27 12:42:02', 2.00, 1.50, 999.00),
(1331, 25, 36, 'ROLLO DE FIBRA MAC 1 KILO', 'PRECIO ROLLO (300)', 6.00, 99, '2025-01-27 12:44:45', 12.00, 10.00, 355.00),
(1332, 25, 36, 'AEROSIL 1/2 KILO', '', 1.00, 100, '2025-01-27 12:46:12', 39.00, 38.00, 999.00),
(1333, 25, 36, 'AEROSIL 1/4', '', 1.00, 100, '2025-01-27 12:46:33', 20.00, 19.00, 999.00),
(1334, 25, 36, 'AEROSIL 1/8 KILO', '', 1.00, 100, '2025-01-27 12:47:08', 11.00, 10.00, 999.00),
(1335, 25, 36, 'AEROSIL 1 KILO', '', 55.00, 98, '2025-01-27 12:48:06', 78.00, 75.00, 999.00),
(1336, 25, 36, 'TITANIO 1 KILO', '', 20.00, 100, '2025-01-27 12:52:01', 40.00, 38.00, 999.00),
(1337, 25, 28, 'TITANIO 1/2 KILO', '', 1.00, 100, '2025-01-27 12:52:21', 20.00, 19.00, 999.00),
(1338, 25, 36, 'TITANIO 1/4 KILO', '', 1.00, 100, '2025-01-27 12:52:49', 11.00, 10.00, 999.00),
(1339, 25, 10, 'TITANIO 1/8 KILO', '', 1.00, 100, '2025-01-27 12:53:05', 6.00, 5.00, 999.00),
(1340, 25, 36, 'RESINA CRISTAL 1 KILO', '', 16.00, 100, '2025-01-27 12:55:13', 22.00, 21.00, 999.00),
(1341, 25, 36, 'RESINA CRISTAL 1/2 KILO', '', 1.00, 100, '2025-01-27 12:56:08', 12.00, 11.00, 999.00),
(1342, 25, 36, 'RESINA CRISTAL 1/4 KILO', '', 1.00, 100, '2025-01-27 12:56:35', 6.00, 5.50, 999.00),
(1343, 25, 36, 'PISTOLA SAGOLA ', '', 148.00, 100, '2025-01-27 13:00:01', 170.00, 168.00, 999.00),
(1344, 25, 27, 'MONOMERO  1 GALON', '', 1.00, 100, '2025-01-29 15:03:38', 48.00, 46.00, 999.00),
(1345, 25, 27, 'MONOMERO 1/2 GALON (2 KILOS)', '', 1.00, 100, '2025-01-29 15:04:03', 25.00, 24.00, 999.00),
(1346, 25, 27, 'MONOMERO 1/4 GALON (1 KILO)', '', 1.00, 100, '2025-01-29 15:10:19', 12.00, 11.00, 999.00),
(1347, 25, 27, 'MONOMERO 1/8 GALON (MEDIO KILO)', '', 1.00, 100, '2025-01-29 15:10:56', 7.00, 6.00, 999.00),
(1348, 25, 27, 'MONOMERO 1/16 GALON', '', 1.00, 97, '2025-01-29 15:12:52', 4.00, 3.00, 999.00),
(1349, 25, 36, 'PANTY (UNIDAD)', '', 1.00, 97, '2025-01-29 15:17:34', 4.00, 3.50, 999.00),
(1350, 25, 36, 'CARTON - 1 METRO', '', 1.00, 128, '2025-01-29 15:19:32', 2.40, 2.00, 999.00),
(1351, 25, 36, 'BURBUPACK (1 METRO)', '', 1.00, 97, '2025-01-30 09:30:48', 5.00, 4.50, 999.00),
(1352, 25, 36, '1 METRO DE LIJA  120 ', '', 1.00, 96, '2025-01-30 15:57:11', 17.00, 16.00, 999.00),
(1353, 25, 36, '1/2 METRO LIJA  120', '', 1.00, 97, '2025-01-30 15:58:05', 8.50, 7.00, 999.00),
(1354, 25, 36, 'BOQUILLA DE COMPRESORA ', '', 1.00, 97, '2025-01-30 16:44:57', 5.00, 4.00, 999.00),
(1355, 64, 34, 'COLA EXTRA SACHET (TEKNO)', '', 1.00, 98, '2025-01-31 17:16:19', 17.00, 16.00, 100.00),
(1356, 31, 26, 'MONOCAPA FX 7500 (JHOMERON) 1/4 GLN', '', 1.00, 98, '2025-01-31 17:21:07', 50.00, 49.00, 999.00),
(1357, 25, 36, 'CLAVO PARA CEMENTO 2 PULGADAS  1 UND ', '', 0.10, 100, '2025-02-01 17:42:43', 0.30, 0.20, 100.00),
(1358, 64, 26, 'PULIDOR FINO TEKNO 1/32', '', 1.00, 98, '2025-02-01 17:51:06', 5.00, 4.50, 99.00),
(1359, 68, 31, 'DISCO DE CORTE 14 PULGADAS - MAKITA', '', 8.77, 100, '2025-02-03 09:50:26', 15.00, 14.00, 70.00),
(1360, 39, 36, 'ACONDICIONADOR DE METALES 3BSI 1/8', '', 1.00, 99, '2025-02-05 17:54:56', 8.00, 7.00, 999.00),
(1361, 25, 36, 'ENVASE ', '', 0.10, 982, '2025-02-05 18:04:08', 1.00, 0.50, 999.00),
(1362, 25, 36, 'LLAVE  13', '', 1.00, 98, '2025-02-06 17:00:40', 5.00, 4.50, 999.00),
(1363, 31, 26, 'MONOCAPA FX 7500 (JHOMERON) 1/2 GLN', '', 1.00, 100, '2025-02-07 11:33:17', 100.00, 98.00, 999.00),
(1364, 25, 52, 'BROCHA DE CERDA 2 1/2 PULGADAS', '', 5.00, 100, '2025-02-08 11:08:21', 7.00, 6.80, 999.00),
(1366, 25, 36, 'TORNILLO CISER 4.0 X 50 (500 UNIDADES)', '', 1.00, 100, '2025-02-10 08:34:58', 36.00, 34.00, 999.00),
(1367, 25, 36, 'TORNILLO CISER 4.0 X 50 (250 UNIDADES)', '', 1.00, 99, '2025-02-10 08:35:24', 18.00, 17.00, 999.00),
(1368, 25, 36, 'TORNILLO CISER 4.0 X 50 (UNIDADE)', '', 0.10, 100, '2025-02-10 08:36:08', 0.40, 0.30, 999.00),
(1369, 25, 36, 'ALGODON 1 KILOGRAMO', '', 10.00, 100, '2025-02-10 11:34:45', 20.00, 19.50, 999.00),
(1370, 25, 36, 'VISAGRA PARA MOTO 3x3 (UNIDAD)', '', 1.00, 100, '2025-02-11 08:22:06', 3.50, 3.40, 999.00),
(1371, 25, 10, 'VISAGRA CAPUCHINA  3X3  (UNIDAD)', '', 1.00, 100, '2025-02-11 08:35:11', 3.50, 3.40, 999.00),
(1372, 25, 36, 'VISAGRA CAPUCHINA 3X3 (DOCENA)', '', 20.00, 100, '2025-02-11 08:35:47', 30.00, 28.00, 999.00),
(1373, 64, 34, 'COLA ULTRA SACHET (TEKNO)', '', 1.00, 98, '2025-02-11 16:43:01', 18.00, 17.00, 999.00),
(1374, 25, 35, '1 METRO DE LIJA 60', '', 1.00, 98, '2025-02-11 16:44:11', 7.00, 6.00, 999.00),
(1375, 59, 35, 'LIJA NORTON 1000', '', 1.00, 98, '2025-02-11 17:08:20', 2.50, 2.40, 999.00),
(1376, 25, 31, 'LIJA CIRCULA  NUMERO 36', '', 1.00, 96, '2025-02-11 17:13:28', 9.00, 8.00, 999.00);

-- --------------------------------------------------------

--
-- Estructura de tabla para la tabla `tb_tipo_empleado`
--

CREATE TABLE `tb_tipo_empleado` (
  `idTipoEmpleado` varchar(8) NOT NULL,
  `nombreTipoEmpleado` varchar(50) NOT NULL
) ENGINE=InnoDB DEFAULT CHARSET=utf8mb4 COLLATE=utf8mb4_general_ci;

--
-- Volcado de datos para la tabla `tb_tipo_empleado`
--

INSERT INTO `tb_tipo_empleado` (`idTipoEmpleado`, `nombreTipoEmpleado`) VALUES
('000', 'Super Admin'),
('001', 'Administrador'),
('002', 'Vendedor');

-- --------------------------------------------------------

--
-- Estructura de tabla para la tabla `tb_tipo_producto`
--

CREATE TABLE `tb_tipo_producto` (
  `idTipoProducto` int(11) NOT NULL,
  `nombretipoProducto` varchar(50) NOT NULL
) ENGINE=InnoDB DEFAULT CHARSET=utf8mb4 COLLATE=utf8mb4_general_ci;

--
-- Volcado de datos para la tabla `tb_tipo_producto`
--

INSERT INTO `tb_tipo_producto` (`idTipoProducto`, `nombretipoProducto`) VALUES
(10, '--'),
(26, 'PINTURAS'),
(27, 'TINNER'),
(28, 'ACIDO'),
(29, 'SPRAY'),
(30, 'BENCINA'),
(31, 'DISCOS AMOLADORA'),
(32, 'LACA'),
(33, 'GUANTES'),
(34, 'COLA'),
(35, 'LIJA'),
(36, 'ACCESORIOS'),
(37, 'TUBO'),
(38, 'FILM'),
(39, 'MASILLA'),
(40, 'PERNOS'),
(41, 'TUERCAS'),
(42, 'CERRADURA'),
(43, 'SILICONA'),
(44, 'CABLE'),
(45, 'HERRAMIENTAS'),
(46, 'BARNIZ'),
(47, 'DISOLVENTE'),
(48, 'DILUYENTE'),
(49, 'YESO'),
(50, 'OCRE'),
(51, 'FOCOS'),
(52, 'BROCHA'),
(53, 'ESMALTE');

-- --------------------------------------------------------

--
-- Estructura de tabla para la tabla `tb_usuario`
--

CREATE TABLE `tb_usuario` (
  `Usuario` varchar(8) NOT NULL,
  `Contraseña` text NOT NULL,
  `id` int(11) NOT NULL
) ENGINE=InnoDB DEFAULT CHARSET=utf8mb4 COLLATE=utf8mb4_general_ci;

--
-- Volcado de datos para la tabla `tb_usuario`
--

INSERT INTO `tb_usuario` (`Usuario`, `Contraseña`, `id`) VALUES
('75964628', '3d5984c7101c998a95a57240405b57f2', 9),
('78945612', 'a5f2528e34b3949610b2b3cde387c84c', 10),
('70279368', 'f077100fc573724cec047e46b3e85be1', 11);

--
-- Índices para tablas volcadas
--

--
-- Indices de la tabla `tb_cliente`
--
ALTER TABLE `tb_cliente`
  ADD PRIMARY KEY (`id_Cliente`);

--
-- Indices de la tabla `tb_detalle_pedido`
--
ALTER TABLE `tb_detalle_pedido`
  ADD KEY `Pedido_Venta` (`idPedido`),
  ADD KEY `Pedido_Prodcuto` (`idProducto`);

--
-- Indices de la tabla `tb_empleado`
--
ALTER TABLE `tb_empleado`
  ADD PRIMARY KEY (`idEmpleado`),
  ADD KEY `Tipo_Empleado` (`idTipoEmpleado`);

--
-- Indices de la tabla `tb_marca_producto`
--
ALTER TABLE `tb_marca_producto`
  ADD PRIMARY KEY (`idMarca`);

--
-- Indices de la tabla `tb_pedido`
--
ALTER TABLE `tb_pedido`
  ADD PRIMARY KEY (`idPedido`),
  ADD KEY `Pedido_Cliente` (`idCliente`),
  ADD KEY `Pedido_Empleado` (`idEmpleado`);

--
-- Indices de la tabla `tb_producto`
--
ALTER TABLE `tb_producto`
  ADD PRIMARY KEY (`idProducto`),
  ADD KEY `Marca_Producto` (`idMarca`),
  ADD KEY `Tipo_Producto` (`idTipoProducto`);

--
-- Indices de la tabla `tb_tipo_empleado`
--
ALTER TABLE `tb_tipo_empleado`
  ADD PRIMARY KEY (`idTipoEmpleado`);

--
-- Indices de la tabla `tb_tipo_producto`
--
ALTER TABLE `tb_tipo_producto`
  ADD PRIMARY KEY (`idTipoProducto`);

--
-- Indices de la tabla `tb_usuario`
--
ALTER TABLE `tb_usuario`
  ADD PRIMARY KEY (`id`),
  ADD KEY `User` (`Usuario`);

--
-- AUTO_INCREMENT de las tablas volcadas
--

--
-- AUTO_INCREMENT de la tabla `tb_marca_producto`
--
ALTER TABLE `tb_marca_producto`
  MODIFY `idMarca` int(11) NOT NULL AUTO_INCREMENT, AUTO_INCREMENT=80;

--
-- AUTO_INCREMENT de la tabla `tb_pedido`
--
ALTER TABLE `tb_pedido`
  MODIFY `idPedido` int(11) NOT NULL AUTO_INCREMENT, AUTO_INCREMENT=110;

--
-- AUTO_INCREMENT de la tabla `tb_producto`
--
ALTER TABLE `tb_producto`
  MODIFY `idProducto` int(11) NOT NULL AUTO_INCREMENT, AUTO_INCREMENT=1377;

--
-- AUTO_INCREMENT de la tabla `tb_tipo_producto`
--
ALTER TABLE `tb_tipo_producto`
  MODIFY `idTipoProducto` int(11) NOT NULL AUTO_INCREMENT, AUTO_INCREMENT=54;

--
-- AUTO_INCREMENT de la tabla `tb_usuario`
--
ALTER TABLE `tb_usuario`
  MODIFY `id` int(11) NOT NULL AUTO_INCREMENT, AUTO_INCREMENT=12;

--
-- Restricciones para tablas volcadas
--

--
-- Filtros para la tabla `tb_detalle_pedido`
--
ALTER TABLE `tb_detalle_pedido`
  ADD CONSTRAINT `Pedido_Prodcuto` FOREIGN KEY (`idProducto`) REFERENCES `tb_producto` (`idProducto`) ON UPDATE CASCADE,
  ADD CONSTRAINT `Pedido_Venta` FOREIGN KEY (`idPedido`) REFERENCES `tb_pedido` (`idPedido`);

--
-- Filtros para la tabla `tb_empleado`
--
ALTER TABLE `tb_empleado`
  ADD CONSTRAINT `Tipo_Empleado` FOREIGN KEY (`idTipoEmpleado`) REFERENCES `tb_tipo_empleado` (`idTipoEmpleado`);

--
-- Filtros para la tabla `tb_pedido`
--
ALTER TABLE `tb_pedido`
  ADD CONSTRAINT `Pedido_Cliente` FOREIGN KEY (`idCliente`) REFERENCES `tb_cliente` (`id_Cliente`) ON UPDATE CASCADE,
  ADD CONSTRAINT `Pedido_Empleado` FOREIGN KEY (`idEmpleado`) REFERENCES `tb_empleado` (`idEmpleado`);

--
-- Filtros para la tabla `tb_producto`
--
ALTER TABLE `tb_producto`
  ADD CONSTRAINT `Marca_Producto` FOREIGN KEY (`idMarca`) REFERENCES `tb_marca_producto` (`idMarca`) ON UPDATE CASCADE,
  ADD CONSTRAINT `Tipo_Producto` FOREIGN KEY (`idTipoProducto`) REFERENCES `tb_tipo_producto` (`idTipoProducto`) ON UPDATE CASCADE;

--
-- Filtros para la tabla `tb_usuario`
--
ALTER TABLE `tb_usuario`
  ADD CONSTRAINT `User` FOREIGN KEY (`Usuario`) REFERENCES `tb_empleado` (`idEmpleado`);
COMMIT;

/*!40101 SET CHARACTER_SET_CLIENT=@OLD_CHARACTER_SET_CLIENT */;
/*!40101 SET CHARACTER_SET_RESULTS=@OLD_CHARACTER_SET_RESULTS */;
/*!40101 SET COLLATION_CONNECTION=@OLD_COLLATION_CONNECTION */;
